,No,Mots-clés,Volume,Position,Visites est.,URL,Difficulté SEO
0,1,interface homme machine,6600,24,1,http://jyga.fr/actualites/une-interface-homme-machine-plus-intuitive,16
1,2,caisse américaine,5400,84,0,http://jyga.fr/encaisseuse-robotisee/encaisseuse-americaine-automatique,50
2,3,chargement,5400,63,0,http://jyga.fr/chargement-robotise/chargement-automatique-thermoformeuse,33
3,4,elivia,3600,35,0,http://jyga.fr/realisations/temoignages/elivia-automatise-sa-ligne-de-production,33
4,5,palettisation,2400,16,1,http://jyga.fr/robot-palettiseur,33
5,6,palettiser,2400,20,1,http://jyga.fr/robot-palettiseur,33
6,7,etuis,1600,97,0,http://jyga.fr/conditionnement-emballage/etui,35
7,8,palettiseur,1600,1,486,http://jyga.fr/robot-palettiseur,34
8,9,festival poupet,1600,50,0,http://jyga.fr/actualites/fideip-devient-mecene-du-festival-poupet-et-des-vieilles-charrues,18
9,10,petfood,1300,29,0,http://jyga.fr/realisations/agroalimentaire/conditionnement-petfood,33
10,11,cfia rennes 2020,1300,83,0,http://jyga.fr/actualites/retrouvez-nous-au-cfia-de-rennes-2020,15
11,12,sideload,1300,56,0,http://jyga.fr/etuyeuse-automatique/etuyeuse-chargement-lateral,32
12,13,pliage wrap,1000,77,0,http://jyga.fr/realisations/agroalimentaire/viande/encaissage-wrap-d-etuis-de-steaks,20
13,14,robotisé,880,43,0,http://jyga.fr/chargement-robotise/chargement-automatique-etuyeuse,32
14,15,robot carton,720,98,0,http://jyga.fr/robot-palettiseur,30
15,16,europack,720,73,0,http://jyga.fr/actualites/jyga-au-salon-europack-cfia-de-lyon,32
16,17,validez,720,32,0,http://jyga.fr/services/prototypage-cellule-robotisee,32
17,18,flowpack,590,32,0,http://jyga.fr/chargement-robotise/chargement-machine-flow-pack,38
18,19,depalettiser,590,59,0,http://jyga.fr/robot-palettiseur/depalettiseur-automatique,33
19,20,depalettiseur,590,46,0,http://jyga.fr/robot-palettiseur/depalettiseur-automatique,33
20,21,dépalettiser,590,35,0,http://jyga.fr/robot-palettiseur/depalettiseur-automatique,33
21,22,robot cosmetique,320,79,0,http://jyga.fr/robot-palettiseur,49
22,23,robot cosmétique,320,79,0,http://jyga.fr/realisations/cosmetique-et-hygiene/robot-palettiseur-de-caisses-wrap,49
23,24,etuyeuse,320,4,21,http://jyga.fr/etuyeuse-automatique,38
24,25,etuyeuses,320,1,97,http://jyga.fr/etuyeuse-automatique,38
25,26,étuyeuse,320,3,31,http://jyga.fr/etuyeuse-automatique,38
26,27,la mie caline recrutement,320,62,0,http://jyga.fr/realisations/temoignages/la-mie-caline-automatise-ses-lignes-de-boulangerie,6
27,28,boulangerie vif,320,89,0,http://jyga.fr/realisations/temoignages/la-mie-caline-automatise-ses-lignes-de-boulangerie,18
28,29,palettisation automatique,260,2,42,http://jyga.fr/robot-palettiseur,35
29,30,roval cosmétique,260,41,0,http://jyga.fr/realisations/conditionnement-cosm%C3%A9tique-hygi%C3%A8ne,22
30,31,ce staubli,260,59,0,http://jyga.fr/actualites/jyga-participe-aux-journees-techniques-staubli,19
31,32,jyga process,260,1,79,http://jyga.fr/,18
32,33,pharmacie ouverte nantes,260,94,0,http://jyga.fr/,13
33,34,emballage biscuits,210,94,0,http://jyga.fr/realisations/agroalimentaire/conditionnement-biscuiterie,49
34,35,caisses americaines,210,35,0,http://jyga.fr/encaisseuse-robotisee/encaisseuse-americaine-automatique,48
35,36,bouteilles de shampoing,210,59,0,http://jyga.fr/realisations/cosmetique-et-hygiene/encaissage-de-bouteilles-de-shampoing,43
36,37,doy pack,210,69,0,http://jyga.fr/conditionnement-emballage/doypack,38
37,38,ezy wrap,210,83,0,http://jyga.fr/realisations/agroalimentaire/laiterie/encaissage-wrap-de-plaquettes-de-beurre,36
38,39,politique d'utilisation des données,210,64,0,http://jyga.fr/politique-d-utilisation-des-donnees-personnelles-et-des-cookies,5
39,40,palettiseur automatique,170,3,17,http://jyga.fr/robot-palettiseur,33
40,41,robot palettisation,170,7,4,http://jyga.fr/robot-palettiseur,30
41,42,robot palettiseur,170,3,17,http://jyga.fr/robot-palettiseur,30
42,43,robot palletisation,170,6,6,http://jyga.fr/robot-palettiseur,30
43,44,encartonneuse,170,43,0,http://jyga.fr/etuyeuse-automatique,35
44,45,europack lyon,170,30,0,http://jyga.fr/actualites/jyga-au-salon-europack-cfia-de-lyon,22
45,46,ligne de conditionnement,170,53,0,http://jyga.fr/services/ingenierie-fin-ligne-conditionnement,17
46,47,lignes de conditionnement,170,41,0,http://jyga.fr/services/ingenierie-fin-ligne-conditionnement,17
47,48,dépalettiseur,170,39,0,http://jyga.fr/robot-palettiseur/depalettiseur-automatique,34
48,49,emballage digest,170,34,0,http://jyga.fr/actualites/focus-sur-les-journees-exhibition-jyga-2019,19
49,50,jyga,170,1,52,http://jyga.fr/,31
50,51,machines de conditionnement,140,39,0,http://jyga.fr/conditionnement-emballage/emballage-alimentaire-primaire,44
51,52,conditionnement alimentaire,140,29,0,http://jyga.fr/conditionnement-emballage/emballage-alimentaire-primaire,49
52,53,encaisseuse,140,2,23,http://jyga.fr/encaisseuse-robotisee,37
53,54,encaissage,140,8,3,http://jyga.fr/encaisseuse-robotisee,37
54,55,panachée,140,99,0,http://jyga.fr/encaisseuse-robotisee/encaisseuse-panachee,32
55,56,patisseries surgelees,110,84,0,http://jyga.fr/realisations/agroalimentaire/biscuiterie/demoulage-de-patisserie,47
56,57,conditionnement cosmetiques,110,31,0,http://jyga.fr/realisations/conditionnement-cosm%C3%A9tique-hygi%C3%A8ne,29
57,58,conditionnement cosmetique,110,54,0,http://jyga.fr/realisations/conditionnement-cosm%C3%A9tique-hygi%C3%A8ne,28
58,59,cellule robotisée,110,97,0,http://jyga.fr/chargement-robotise/chargement-automatique-etuyeuse,23
59,60,conditionnement d'un produit,110,96,0,http://jyga.fr/conditionnement-emballage/emballage-alimentaire-primaire,15
60,61,salon pharmacosmetech,110,35,0,http://jyga.fr/actualites/jyga-vous-invite-au-salon-pharmacosmetech,19
61,62,sachet doypack,90,62,0,http://jyga.fr/conditionnement-emballage/doypack,49
62,63,machine a fromage,90,77,0,http://jyga.fr/realisations/agroalimentaire/fromagerie/encaissage-wrap-de-barquettes-de-fromage,44
63,64,ilot palette,90,62,0,http://jyga.fr/realisations/autres-secteurs/palettisation-de-sacs-de-farines,49
64,65,démoulage moule silicone,90,58,0,http://jyga.fr/realisations/agroalimentaire/biscuiterie/demoulage-de-patisserie,38
65,66,conditionnement emballage,90,28,0,http://jyga.fr/conditionnement-emballage/emballage-secondaire,38
66,67,conditionnement cosmétique,90,62,0,http://jyga.fr/realisations/conditionnement-cosm%C3%A9tique-hygi%C3%A8ne,38
67,68,emballage secondaire,90,20,0,http://jyga.fr/conditionnement-emballage/emballage-secondaire,20
68,69,la séguinière cholet,90,97,0,http://jyga.fr/,13
69,70,sud agro,90,70,0,http://jyga.fr/actualites/jyga-au-salon-sud-agro-industries-2018,18
70,71,la seguiniere code postal,90,91,0,http://jyga.fr/mentions-legales,5
71,72,barquetteuse,70,47,0,http://jyga.fr/realisations/agroalimentaire/petfood/encaissage-de-sachets-de-nourriture-pour-animaux,62
72,73,palettes pleines,70,60,0,http://jyga.fr/realisations/autres-secteurs/cellule-de-palettisation-de-sacs-de-farines,49
73,74,thermoformeuse patisserie,70,26,0,http://jyga.fr/conditionnement-emballage/emballage-alimentaire-primaire,49
74,75,thermoformeuse pâtisserie,70,28,0,http://jyga.fr/conditionnement-emballage/emballage-alimentaire-primaire,49
75,76,emballeuse cellophane,70,9,1,http://jyga.fr/conditionnement-emballage/emballage-secondaire,48
76,77,la laitière portrait,70,82,0,http://jyga.fr/realisations/temoignages/portrait-d-industriel-1-laita-une-cooperative-laitiere-qui-de-la-ressource,38
77,78,dépileur de palette,70,41,0,http://jyga.fr/robot-palettiseur/depalettiseur-automatique,21
78,79,dépileur de palettes,70,54,0,http://jyga.fr/robot-palettiseur/depalettiseur-automatique,21
79,80,formation sav,70,81,0,http://jyga.fr/services/sav,24
80,81,salon emballage lyon,70,32,0,http://jyga.fr/actualites/jyga-au-salon-europack-cfia-de-lyon,17
81,82,palettisation définition,70,52,0,http://jyga.fr/,22
82,83,palettiser définition,70,41,0,http://jyga.fr/,22
83,84,palettiseur définition,70,25,0,http://jyga.fr/,22
84,85,home ingenierie,70,80,0,http://jyga.fr/services/ingenierie-fin-ligne-conditionnement,20
85,86,types de conditionnement,70,58,0,http://jyga.fr/conditionnement-emballage/emballage-alimentaire-primaire,14
86,87,type de conditionnement,70,52,0,http://jyga.fr/conditionnement-emballage/emballage-alimentaire-primaire,14
87,88,video sandwich,70,88,0,http://jyga.fr/realisations/agroalimentaire/viande/chargement-robotise-d-une-ligne-sandwich,19
88,89,machine conditionnement,50,67,0,http://jyga.fr/conditionnement-emballage/emballage-secondaire,49
89,90,machine emballage plastique,50,79,0,http://jyga.fr/conditionnement-emballage/pot-boite,44
90,91,machine alimentaire,50,57,0,http://jyga.fr/conditionnement-emballage/emballage-alimentaire-primaire,49
91,92,barquette charcuterie,50,39,0,http://jyga.fr/conditionnement-emballage/barquette,49
92,93,pot carton,50,58,0,http://jyga.fr/conditionnement-emballage/pot-boite,49
93,94,doypack bouchon,50,39,0,http://jyga.fr/conditionnement-emballage/doypack,49
94,95,thermoformeuse alimentaire,50,31,0,http://jyga.fr/conditionnement-emballage/emballage-alimentaire-primaire,49
95,96,caisse a verre,50,47,0,http://jyga.fr/conditionnement-emballage/pot-boite,44
96,97,sachet de conditionnement,50,42,0,http://jyga.fr/conditionnement-emballage/sachet,44
97,98,devis express,50,65,0,http://jyga.fr/devis-express,34
98,99,pictogramme shampoing,50,79,0,http://jyga.fr/realisations/cosmetique-et-hygiene/encaissage-de-bouteilles-de-shampoing,32
99,100,encaisseuse automatique,50,2,8,http://jyga.fr/encaisseuse-robotisee,29
100,101,conditionnement agroalimentaire,50,25,0,http://jyga.fr/realisations/agroalimentaire,22
101,102,agrovif,50,16,0,http://jyga.fr/actualites/agrovif-2019,35
102,103,salon de l emballage lyon,50,41,0,http://jyga.fr/actualites/jyga-au-salon-europack-cfia-de-lyon,8
103,104,wrap dessert,50,59,0,http://jyga.fr/realisations/agroalimentaire/baby-food/encaissage-wrap-de-pots-dessert,20
104,105,elivia viande,50,38,0,http://jyga.fr/realisations/temoignages/elivia-automatise-sa-ligne-de-production,19
105,106,groupe fideip,50,33,0,http://jyga.fr/actualites/fideip-devient-mecene-du-festival-poupet-et-des-vieilles-charrues,18
106,107,bao virtuelle,50,28,0,http://jyga.fr/actualites/la-realite-virtuelle-s-invite-chez-jyga,18
107,108,europack lyon 2019,50,72,0,http://jyga.fr/actualites/jyga-au-salon-europack-cfia-de-lyon,13
108,109,machines d'emballage et de conditionnement,40,39,0,http://jyga.fr/conditionnement-emballage/emballage-secondaire,36
109,110,machine de conditionnement alimentaire,40,14,0,http://jyga.fr/conditionnement-emballage/emballage-alimentaire-primaire,36
110,111,machine a emballer,40,65,0,http://jyga.fr/conditionnement-emballage/emballage-secondaire,44
111,112,machine cosmétique,40,70,0,http://jyga.fr/realisations/conditionnement-cosm%C3%A9tique-hygi%C3%A8ne,49
112,113,carton wrap,40,62,0,http://jyga.fr/encaisseuse-robotisee/encaisseuse-wrap-caisse-ouverte,49
113,114,machine mise en bouteille,40,90,0,http://jyga.fr/conditionnement-emballage/bouteille,36
114,115,machine fromagerie,40,27,0,http://jyga.fr/realisations/agroalimentaire/conditionnement-fromagerie,49
115,116,wraps bebe,40,83,0,http://jyga.fr/realisations/agroalimentaire/baby-food/encaissage-wrap-de-pots-dessert,49
116,117,caisse a fromage,40,41,0,http://jyga.fr/realisations/agroalimentaire/fromagerie/encaissage-wrap-de-barquettes-de-fromage,44
117,118,boite de conditionnement,40,18,0,http://jyga.fr/conditionnement-emballage/pot-boite,43
118,119,pot de yaourt en carton,40,47,0,http://jyga.fr/conditionnement-emballage/pot-boite,35
119,120,pot wrap,40,80,0,http://jyga.fr/conditionnement-emballage/pot-boite,40
120,121,palettisation robot,40,5,2,http://jyga.fr/robot-palettiseur,33
121,122,palettisation robotisée,40,1,12,http://jyga.fr/robot-palettiseur,33
122,123,palettiseur robotisé,40,1,12,http://jyga.fr/robot-palettiseur,33
123,124,robot de palettisation,40,8,1,http://jyga.fr/robot-palettiseur,26
124,125,logiciel palettisation gratuit,40,44,0,http://jyga.fr/,23
125,126,ligne de conditionnement agroalimentaire,40,24,0,http://jyga.fr/realisations/agroalimentaire,12
126,127,machine spéciale vendée,40,63,0,http://jyga.fr/,16
127,128,menu mie caline 2019,40,57,0,http://jyga.fr/realisations/temoignages/la-mie-caline-automatise-ses-lignes-de-boulangerie,8
128,129,conditionnement secondaire,40,40,0,http://jyga.fr/conditionnement-emballage/emballage-secondaire,20
129,130,palettisation definition,40,55,0,http://jyga.fr/,20
130,131,cfia rennes 2019,40,37,0,http://jyga.fr/actualites/m-1-avant-le-salon-cfia-rennes-2019,14
131,132,packaging secondaire,40,35,0,http://jyga.fr/conditionnement-emballage/emballage-secondaire,19
132,133,intégrateur en ligne,40,35,0,http://jyga.fr/societe,14
133,134,deligne en ligne,40,71,0,http://jyga.fr/services/ingenierie-fin-ligne-conditionnement,14
134,135,fin de ligne,40,47,0,http://jyga.fr/services/ingenierie-fin-ligne-conditionnement,13
135,136,salon europack euromanut cfia lyon 2019,40,44,0,http://jyga.fr/actualites/jyga-au-salon-europack-cfia-de-lyon,5
136,137,interface intuitive,40,98,0,http://jyga.fr/actualites/une-interface-homme-machine-plus-intuitive,18
137,138,salon cfia lyon,40,51,0,http://jyga.fr/actualites/jyga-au-salon-europack-cfia-de-lyon,13
138,139,cfia rennes maintenu,40,9,1,http://jyga.fr/actualites/retrouvez-nous-au-cfia-de-rennes-2020,13
139,140,machine de caisse,30,91,0,http://jyga.fr/encaisseuse-robotisee,44
140,141,pot yaourt plastique avec couvercle,30,76,0,http://jyga.fr/conditionnement-emballage/pot-boite,36
141,142,robot pour cosmetique,30,74,0,http://jyga.fr/robot-palettiseur,44
142,143,conditionnement plastique,30,75,0,http://jyga.fr/conditionnement-emballage/pot-boite,48
143,144,flow pack machine,30,83,0,http://jyga.fr/chargement-robotise/chargement-machine-flow-pack,41
144,145,présentoir jw,30,57,0,http://jyga.fr/encaisseuse-robotisee/encaisseuse-wrap-caisse-fermee,39
145,146,mise en barquette,30,64,0,http://jyga.fr/conditionnement-emballage/barquette,33
146,147,barquetteuse automatique,30,22,0,http://jyga.fr/encaisseuse-robotisee/encaisseuse-wrap-caisse-fermee,36
147,148,ligne de conditionnement alimentaire,30,48,0,http://jyga.fr/realisations/agroalimentaire,13
148,149,robot agroalimentaire,30,94,0,http://jyga.fr/robot-palettiseur,24
149,150,jca ingenierie,30,77,0,http://jyga.fr/,19
150,151,gl events rennes,30,59,0,http://jyga.fr/actualites/report-du-cfia-de-rennes-2020,14
151,152,conditionnement primaire et secondaire,30,67,0,http://jyga.fr/conditionnement-emballage/emballage-alimentaire-primaire,6
152,153,process font,30,96,0,http://jyga.fr/,18
153,154,barquette thermoformée,20,53,0,http://jyga.fr/conditionnement-emballage/barquette,49
154,155,emballage carton yaourt,20,93,0,http://jyga.fr/conditionnement-emballage/pot-boite,44
155,156,wrap carton,20,57,0,http://jyga.fr/encaisseuse-robotisee/encaisseuse-wrap-caisse-ouverte,49
156,157,emballage brioche,20,48,0,http://jyga.fr/conditionnement-emballage/emballage-secondaire,49
157,158,machine realite virtuel,20,33,0,http://jyga.fr/services/realite-virtuelle-realite-augmentee,44
158,159,etui wrap,20,36,0,http://jyga.fr/conditionnement-emballage/etui,46
159,160,interface machine,20,99,0,http://jyga.fr/actualites/une-interface-homme-machine-plus-intuitive,39
160,161,fleury michon produits,20,41,0,http://jyga.fr/realisations/temoignages/fleury-michon-tlm-automatise-l-encaissage-de-ses-produits,33
161,162,produits nu,20,46,0,http://jyga.fr/conditionnement-emballage/emballage-alimentaire-primaire,33
162,163,etuyeuse automatique,20,1,6,http://jyga.fr/etuyeuse-automatique,32
163,164,atelier réalité virtuelle,20,88,0,http://jyga.fr/services/realite-virtuelle-realite-augmentee,26
164,165,etuyeuse verticale,20,15,0,http://jyga.fr/etuyeuse-automatique/etuyeuse-chargement-vertical,29
165,166,caisse américaine définition,20,83,0,http://jyga.fr/,17
166,167,salon agroalimentaire lyon,20,88,0,http://jyga.fr/actualites/jyga-au-salon-europack-cfia-de-lyon,16
167,168,nature et aliments recrutement,20,21,0,http://jyga.fr/actualites/temoignage-de-la-societe-nature-et-aliments,6
168,169,salon de l'emballage 2019 lyon,20,23,0,http://jyga.fr/actualites/jyga-au-salon-europack-cfia-de-lyon,5
169,170,salon emballage lyon 2019,20,36,0,http://jyga.fr/actualites/jyga-au-salon-europack-cfia-de-lyon,5
170,171,jacques clochard,20,20,0,http://jyga.fr/actualites/jyga-se-met-en-mouvement-et-rejoint-la-french-fab,18
171,172,wrap definition francais,20,86,0,http://jyga.fr/realisations/agroalimentaire/viande/encaissage-wrap-d-etuis-de-steaks,13
172,173,machine emballage automatique,10,95,0,http://jyga.fr/,44
173,174,machine emballage carton automatique,10,46,0,http://jyga.fr/encaisseuse-robotisee,36
174,175,machine a conditionnement alimentaire,10,14,0,http://jyga.fr/conditionnement-emballage/emballage-alimentaire-primaire,36
175,176,formeuse de caisse américaine,10,16,0,http://jyga.fr/encaisseuse-robotisee/encaisseuse-americaine-automatique,36
176,177,machine d'emballage alimentaire,10,51,0,http://jyga.fr/conditionnement-emballage/emballage-alimentaire-primaire,44
177,178,machine pour emballage,10,48,0,http://jyga.fr/conditionnement-emballage/emballage-secondaire,44
178,179,conditionnement emballage alimentaire,10,73,0,http://jyga.fr/conditionnement-emballage/emballage-alimentaire-primaire,44
179,180,machine pour emballage plastique,10,77,0,http://jyga.fr/conditionnement-emballage/pot-boite,36
180,181,machine flow pack,10,41,0,http://jyga.fr/conditionnement-emballage/flow-pack,44
181,182,pot emballage,10,81,0,http://jyga.fr/conditionnement-emballage/pot-boite,49
182,183,machine de charcuterie,10,77,0,http://jyga.fr/realisations/agroalimentaire/conditionnement-charcuterie,44
183,184,emballage plat,10,72,0,http://jyga.fr/realisations/agroalimentaire/conditionnement-plats-cuisines,49
184,185,carton conditionnement,10,68,0,http://jyga.fr/conditionnement-emballage/pot-boite,49
185,186,pince sac croquettes,10,46,0,http://jyga.fr/realisations/agroalimentaire/petfood/palettisation-de-fardeaux-de-sacs-croquettes,44
186,187,machine pour fermer les barquettes,10,53,0,http://jyga.fr/realisations/agroalimentaire/fromagerie/encaissage-wrap-de-barquettes-de-fromage,36
187,188,machine plus,10,30,0,http://jyga.fr/actualites/une-interface-homme-machine-plus-intuitive,49
188,189,machine operculeuse barquette,10,82,0,http://jyga.fr/conditionnement-emballage/barquette,44
189,190,machine ecrire japy,10,82,0,http://jyga.fr/realisations/agroalimentaire/fromagerie/encaissage-wrap-de-barquettes-de-fromage,44
190,191,machine à palettiser,10,9,0,http://jyga.fr/robot-palettiseur,44
191,192,robot de palettisation carton,10,8,0,http://jyga.fr/robot-palettiseur,36
192,193,machine à surgeler,10,28,0,http://jyga.fr/realisations/agroalimentaire/biscuiterie/demoulage-de-patisserie,43
193,194,conditionnement beurre,10,29,0,http://jyga.fr/conditionnement-emballage/emballage-secondaire,48
194,195,conditionnement sachet de the,10,51,0,http://jyga.fr/conditionnement-emballage/sachet,34
195,196,palettiseur semi automatique,10,69,0,http://jyga.fr/conditionnement-emballage/sac,42
196,197,étiqueteuse industrielle manuelle,10,99,0,http://jyga.fr/realisations/sante/encaissage-de-poches-de-serum,41
197,198,doypack france,10,67,0,http://jyga.fr/conditionnement-emballage/doypack,43
198,199,wrap around carton,10,73,0,http://jyga.fr/encaisseuse-robotisee/encaisseuse-wrap-caisse-ouverte,38
199,200,emballage et conditionnement alimentaire,10,85,0,http://jyga.fr/conditionnement-emballage/emballage-alimentaire-primaire,28
200,201,palettiseur sac,10,23,0,http://jyga.fr/robot-palettiseur,36
201,202,conditionnement du yaourt,10,33,0,http://jyga.fr/conditionnement-emballage/pot-boite,29
202,203,encartonneuse occasion,10,61,0,http://jyga.fr/encaisseuse-robotisee/encaisseuse-americaine-automatique,31
203,204,conditionnement de produit alimentaire,10,74,0,http://jyga.fr/conditionnement-emballage/emballage-alimentaire-primaire,17
204,205,dépalettisation automatique,10,45,0,http://jyga.fr/robot-palettiseur/depalettiseur-automatique,30
205,206,cartonneuse automatique,10,80,0,http://jyga.fr/etuyeuse-automatique,29
206,207,conditionnement yaourt,10,35,0,http://jyga.fr/conditionnement-emballage/pot-boite,28
207,208,conditionnement des produits alimentaires,10,73,0,http://jyga.fr/conditionnement-emballage/emballage-alimentaire-primaire,14
208,209,plan réalité augmentée,10,76,0,http://jyga.fr/services/realite-virtuelle-realite-augmentee,22
209,210,ligne de conditionnement cosmetique,10,15,0,http://jyga.fr/realisations/conditionnement-cosm%C3%A9tique-hygi%C3%A8ne,13
210,211,machine conditionnement alimentaire,10,27,0,http://jyga.fr/conditionnement-emballage/emballage-alimentaire-primaire,20
211,212,palettisation wikipedia,10,17,0,http://jyga.fr/,23
212,213,jirama recrutement,10,59,0,http://jyga.fr/societe/recrutement,23
213,214,principe de la réalité virtuelle,10,68,0,http://jyga.fr/services/realite-virtuelle-realite-augmentee,10
214,215,conditionnement du beurre,10,32,0,http://jyga.fr/conditionnement-emballage/emballage-secondaire,17
215,216,les différents types de conditionnement alimentaire,10,20,0,http://jyga.fr/conditionnement-emballage/emballage-alimentaire-primaire,9
216,217,conditionnement à façon définition,10,88,0,http://jyga.fr/,9
217,218,le pal boutique en ligne,10,75,0,http://jyga.fr/robot-palettiseur/palettiseur-compact-pal-it,8
218,219,plan de palettisation définition,10,24,0,http://jyga.fr/,8
219,220,réalité augmentée en ligne,10,77,0,http://jyga.fr/services/realite-virtuelle-realite-augmentee,7
220,221,installation fromagerie,10,94,0,http://jyga.fr/realisations/agroalimentaire/fromagerie/encaissage-wrap-de-barquettes-de-fromage,20
221,222,schering plough recrutement,10,44,0,http://jyga.fr/realisations/temoignages,15
222,223,mise en flacon,10,22,0,http://jyga.fr/conditionnement-emballage/flacon,14
223,224,pret multiligne,10,74,0,http://jyga.fr/robot-palettiseur,19
224,225,intégrateur automatique,10,83,0,http://jyga.fr/,18
225,226,boite automatique americaine fonctionnement,10,59,0,http://jyga.fr/encaisseuse-robotisee,5
226,227,salon agroalimentaire 2019 lyon,10,42,0,http://jyga.fr/actualites/jyga-au-salon-europack-cfia-de-lyon,5
227,228,emballage primaire alimentaire,10,14,0,http://jyga.fr/conditionnement-emballage/emballage-alimentaire-primaire,13
228,229,test connaissance mecanique,10,97,0,http://jyga.fr/societe/recrutement/offres-emploi/technicien-be-mecanique,13
229,230,cfia 2019 rennes,10,56,0,http://jyga.fr/actualites/m-1-avant-le-salon-cfia-rennes-2019,13
230,231,festival de poupet recrutement,10,23,0,http://jyga.fr/actualites/fideip-devient-mecene-du-festival-poupet-et-des-vieilles-charrues,5
231,232,wraps pour lapéritif,10,95,0,http://jyga.fr/realisations/agroalimentaire/fromagerie/encaissage-wrap-de-fromages-aperitif,13
232,233,msd santé animale recrutement,10,39,0,http://jyga.fr/realisations/temoignages/schering-plough-automatise-la-mise-en-caisse-de-seringues,5
233,234,salon de la robotique 2019 lyon,10,71,0,http://jyga.fr/actualites/jyga-au-salon-europack-cfia-de-lyon,5
234,235,salon agroalimentaire 2019 rennes,10,27,0,http://jyga.fr/actualites/m-1-avant-le-salon-cfia-rennes-2019,5
235,236,machine conditionnement yaourt,10,34,0,http://jyga.fr/conditionnement-emballage/pot-boite,13
236,237,recrutement vieilles charrues,10,39,0,http://jyga.fr/actualites/fideip-devient-mecene-du-festival-poupet-et-des-vieilles-charrues,13
237,238,machine a conditionnement,10,62,0,http://jyga.fr/conditionnement-emballage/emballage-secondaire,13
238,239,cellule de palettisation,10,38,0,http://jyga.fr/robot-palettiseur/palettiseur-automatique-monoligne,13
239,240,flacons shampoing,0,50,0,http://jyga.fr/realisations/cosmetique-et-hygiene/encaissage-de-bouteilles-de-shampoing,0
240,241,floxpack,0,19,0,http://jyga.fr/conditionnement-emballage/flow-pack,0
241,242,machine de conditionnement carton,0,88,0,http://jyga.fr/conditionnement-emballage/pot-boite,0
242,243,desmotta,0,22,0,http://jyga.fr/mentions-legales,0
243,244,video etuyeuse,0,27,0,http://jyga.fr/realisations/temoignages/portrait-d-industriel-2-installation-d-une-etuyeuse-de-sachets,0
244,245,une blistereuse,0,21,0,http://jyga.fr/chargement-robotise/chargement-automatique-thermoformeuse,0
245,246,machine conditionnement bouteille,0,35,0,http://jyga.fr/conditionnement-emballage/bouteille,0
246,247,flacons shampoo,0,44,0,http://jyga.fr/realisations/cosmetique-et-hygiene/encaissage-de-bouteilles-de-shampoing,0
247,248,machine conditionnement prix,0,84,0,http://jyga.fr/,0
248,249,machine conditionnement flow pack,0,19,0,http://jyga.fr/conditionnement-emballage/flow-pack,0
249,250,etuyeuse carton,0,10,0,http://jyga.fr/etuyeuse-automatique,0
250,1,mg,18100,63,0,http://mg-tech.fr/,37
251,2,palettiseur,1600,36,0,http://mg-tech.fr/nos-solutions/mg-tech-angers/26-palettiseur.html,34
252,3,easybox,1000,18,0,http://mg-tech.fr/nos-solutions/id-pack/my-box-formeuses-de-caisses/13-easybox.html,40
253,4,la mg,880,47,0,http://mg-tech.fr/,19
254,5,speed box,720,45,0,http://mg-tech.fr/nos-solutions/id-pack/my-box-formeuses-de-caisses/12-speedbox.html,49
255,6,speedbox,720,37,0,http://mg-tech.fr/nos-solutions/id-pack/my-box-formeuses-de-caisses/12-speedbox.html,62
256,7,emballage magazine,720,34,0,http://mg-tech.fr/le-groupe/actualites/124-emballages-magazine-interviewe-eric-gautier-sur-l-encaissage.html,21
257,8,emballages magazine,720,35,0,http://mg-tech.fr/le-groupe/actualites/124-emballages-magazine-interviewe-eric-gautier-sur-l-encaissage.html,21
258,9,mg tech,590,1,179,http://mg-tech.fr/,23
259,10,contact mg,590,18,0,http://mg-tech.fr/le-groupe/contact/,21
260,11,mg contact,590,14,1,http://mg-tech.fr/contact/,21
261,12,agv robot,480,82,0,http://mg-tech.fr/le-groupe/actualites/132-nouveau-robot-mobile-de-decontamination.html,23
262,13,machine multifonction,390,57,0,http://mg-tech.fr/nos-solutions/mg-tech-angers/21-machine-multifonction.html,49
263,14,logo mg,390,30,0,http://mg-tech.fr/,20
264,15,etuyeuse,320,28,0,http://mg-tech.fr/nos-solutions/mg-tech-angers/20-etuyeuse.html,38
265,16,étuyeuse,320,21,0,http://mg-tech.fr/nos-solutions/mg-tech-angers/20-etuyeuse.html,38
266,17,cfia lyon,320,64,0,http://mg-tech.fr/le-groupe/actualites/19-le-groupe-mg-tech-s-expose-au-salon-europack-cfia-lyon.html,19
267,18,robot mobile,260,56,0,http://mg-tech.fr/le-groupe/actualites/132-nouveau-robot-mobile-de-decontamination.html,48
268,19,transitique,260,84,0,http://mg-tech.fr/mg-tech-la-chapelle/nos-produits/,34
269,20,nos service,260,41,0,http://mg-tech.fr/le-groupe/nos-services/,19
270,21,boite américaine,210,76,0,http://mg-tech.fr/nos-solutions/mg-tech-angers/24-encartonneuse-caisse-americaine.html,49
271,22,boite americaine,210,64,0,http://mg-tech.fr/mg-tech-angers/nos-produits/,49
272,23,speedbox 3,210,75,0,http://mg-tech.fr/nos-solutions/id-pack/my-box-formeuses-de-caisses/12-speedbox.html,48
273,24,id pack,210,1,64,http://mg-tech.fr/mg-tech-id-pack/la-societe-id-pack/,22
274,25,idpack,210,1,64,http://mg-tech.fr/mg-tech-id-pack/la-societe-id-pack/,35
275,26,mg logo,210,42,0,http://mg-tech.fr/,19
276,27,mg gestion,210,86,0,http://mg-tech.fr/le-groupe/actualites/35-mg-tech-une-gestion-optimisee-des-depenses-energetiques.html,19
277,28,mg réception,210,82,0,http://mg-tech.fr/le-groupe/presentation/,19
278,29,mg reception,210,80,0,http://mg-tech.fr/le-groupe/presentation/,19
279,30,groupe mg,210,14,0,http://mg-tech.fr/le-groupe/actualites/105-nouvelle-acquisition-pour-le-groupe.html,19
280,31,encartonneuse,170,91,0,http://mg-tech.fr/mg-tech-angers/nos-produits/,35
281,32,mgtech,170,1,52,http://mg-tech.fr/,35
282,33,europack lyon,170,61,0,http://mg-tech.fr/le-groupe/actualites/19-le-groupe-mg-tech-s-expose-au-salon-europack-cfia-lyon.html,22
283,34,europak lyon,170,46,0,http://mg-tech.fr/le-groupe/actualites/19-le-groupe-mg-tech-s-expose-au-salon-europack-cfia-lyon.html,22
284,35,ligne de conditionnement,170,17,0,http://mg-tech.fr/,17
285,36,lignes de conditionnement,170,27,0,http://mg-tech.fr/,17
286,37,my cfia,170,54,0,http://mg-tech.fr/mg-tech-la-chapelle/la-societe-mg-tech-la-chapelle/,20
287,38,cadenceur,170,27,0,http://mg-tech.fr/nos-solutions/mg-tech-la-chapelle/33-cadenceur.html,33
288,39,cfia toulouse,170,48,0,http://mg-tech.fr/le-groupe/actualites/page-4.html,19
289,40,l adresse la mothe achard,170,98,0,http://mg-tech.fr/mg-tech-la-chapelle/la-societe-mg-tech-la-chapelle/,6
290,41,l'adresse la mothe achard,170,87,0,http://mg-tech.fr/mg-tech-la-chapelle/la-societe-mg-tech-la-chapelle/,6
291,42,modulo en ligne,170,60,0,http://mg-tech.fr/nos-solutions/id-pack/my-modulo-encaisseuses-multiformats/16-my-modulo.html,14
292,43,sophia le robot,170,50,0,http://mg-tech.fr/le-groupe/actualites/67-sophia-le-robot-citoyen.html,14
293,44,boulangerie sables d'olonne,170,96,0,http://mg-tech.fr/mg-tech-la-chapelle/la-societe-mg-tech-la-chapelle/,13
294,45,machine de conditionnement,140,93,0,http://mg-tech.fr/mg-tech-angers/nos-produits/,44
295,46,machines emballage,140,74,0,http://mg-tech.fr/,49
296,47,encaisseuse,140,34,0,http://mg-tech.fr/nos-solutions/mg-tech-angers/19-encaisseuse-wrap.html,37
297,48,encaissage,140,48,0,http://mg-tech.fr/nos-solutions/id-pack/my-modulo-encaisseuses-multiformats/16-my-modulo.html,37
298,49,mg tech angers,140,1,43,http://mg-tech.fr/mg-tech-angers/la-societe-mg-tech-angers/,17
299,50,mgtech angers,140,1,43,http://mg-tech.fr/mg-tech-angers/la-societe-mg-tech-angers/,22
300,51,machine du futur,140,98,0,http://mg-tech.fr/le-groupe/actualites/130-3eme-edition-de-l-etude-vitrines-de-l-industrie-du-futur.html,15
301,52,france conditionnement,140,54,0,http://mg-tech.fr/,20
302,53,mg rdv fr,140,49,0,http://mg-tech.fr/le-groupe/actualites/34-mg-tech-se-lance-dans-la-realite-virtuelle.html,15
303,54,mg la poste,140,40,0,http://mg-tech.fr/,14
304,55,mg production,140,58,0,http://mg-tech.fr/,19
305,56,my pal,140,9,2,http://mg-tech.fr/id-pack/nos-produits/my-pal-palettiseurs/,18
306,57,mg negoc,140,93,0,http://mg-tech.fr/espace-carrieres/105-commercial-h-f.html,18
307,58,faire un robot en carton,110,32,0,http://mg-tech.fr/le-groupe/notre-savoir-faire/,13
308,59,empileur,110,63,0,http://mg-tech.fr/nos-solutions/mg-tech-la-chapelle/32-empileur-depileur.html,34
309,60,contrat tech,110,20,0,http://mg-tech.fr/mg-tech-id-pack/contrat-d-entretien/,20
310,61,conditionnement repondant,110,61,0,http://mg-tech.fr/mg-tech-angers/la-societe-mg-tech-angers/,18
311,62,boulangerie champtocé sur loire,110,77,0,http://mg-tech.fr/,5
312,63,mg groupe,110,14,0,http://mg-tech.fr/,18
313,64,barquette aluminium intermarché,90,46,0,http://mg-tech.fr/le-groupe/actualites/134-commercialisation-de-3-machines-de-mise-en-boites-de-masques.html,44
314,65,postes ergonomiques,90,35,0,http://mg-tech.fr/nos-solutions/mg-tech-la-chapelle/34-amenagement-de-poste-de-travail-ergonomique.html,27
315,66,societe ergonomique,90,75,0,http://mg-tech.fr/nos-solutions/mg-tech-la-chapelle/34-amenagement-de-poste-de-travail-ergonomique.html,23
316,67,société ergonomique,90,76,0,http://mg-tech.fr/nos-solutions/mg-tech-la-chapelle/34-amenagement-de-poste-de-travail-ergonomique.html,23
317,68,mg fr,90,21,0,http://mg-tech.fr/,20
318,69,espace personnel santé nature innovation,90,100,0,http://mg-tech.fr/le-groupe/actualites/132-nouveau-robot-mobile-de-decontamination.html,6
319,70,s20 industrie,90,68,0,http://mg-tech.fr/le-groupe/actualites/65-exposition-aux-rencontres-de-la-robotique.html,18
320,71,mg solutions,90,36,0,http://mg-tech.fr/nos-solutions/mg-tech-la-chapelle/,18
321,72,mg service,90,53,0,http://mg-tech.fr/le-groupe/nos-services/,18
322,73,barquetteuse,70,55,0,http://mg-tech.fr/id-pack/nos-produits/my-box-formeuses-de-caisses/,62
323,74,formeuse de carton,70,92,0,http://mg-tech.fr/id-pack/nos-produits/my-box-formeuses-de-caisses/,43
324,75,produit ergonomique,70,52,0,http://mg-tech.fr/nos-solutions/mg-tech-la-chapelle/34-amenagement-de-poste-de-travail-ergonomique.html,47
325,76,formeuse,70,48,0,http://mg-tech.fr/id-pack/nos-produits/my-box-formeuses-de-caisses/,52
326,77,specialiste emballage,70,85,0,http://mg-tech.fr/,31
327,78,conditionnement produits,70,91,0,http://mg-tech.fr/,31
328,79,tech machine,70,18,0,http://mg-tech.fr/,30
329,80,spécialiste mg,70,49,0,http://mg-tech.fr/mg-tech-angers/la-societe-mg-tech-angers/,26
330,81,recrutement tech,70,64,0,http://mg-tech.fr/espace-carrieres/,26
331,82,mg tech handling,70,2,11,http://mg-tech.fr/le-groupe/presentation/,17
332,83,salon emballage lyon,70,49,0,http://mg-tech.fr/le-groupe/actualites/61-telechargez-votre-invitation-gratuite-pour-le-salon-de-lyon.html,17
333,84,palettiseur définition,70,44,0,http://mg-tech.fr/mg-tech-angers/nos-produits/,22
334,85,evobox,70,1,21,http://mg-tech.fr/nos-solutions/79-evobox.html,34
335,86,vitrines industrie du futur,70,93,0,http://mg-tech.fr/le-groupe/actualites/130-3eme-edition-de-l-etude-vitrines-de-l-industrie-du-futur.html,8
336,87,mg fermeture,70,86,0,http://mg-tech.fr/le-groupe/actualites/page-2.html,19
337,88,sophia intelligence artificielle,70,66,0,http://mg-tech.fr/le-groupe/actualites/67-sophia-le-robot-citoyen.html,14
338,89,l'adresse les achards,70,65,0,http://mg-tech.fr/contact/,14
339,90,groupe de cavalier,70,77,0,http://mg-tech.fr/nos-solutions/mg-tech-angers/60-pose-bandeau-pose-cavalier-mise-en-fourreau.html,13
340,91,le robot sophia,70,52,0,http://mg-tech.fr/le-groupe/actualites/67-sophia-le-robot-citoyen.html,13
341,92,vendee tech,70,73,0,http://mg-tech.fr/,18
342,93,mg entreprise,70,33,0,http://mg-tech.fr/,18
343,94,gtc angers,70,38,0,http://mg-tech.fr/le-groupe/actualites/35-mg-tech-une-gestion-optimisee-des-depenses-energetiques.html,18
344,95,formeuse carton,50,74,0,http://mg-tech.fr/id-pack/nos-produits/my-box-formeuses-de-caisses/,49
345,96,machines conditionnement,50,65,0,http://mg-tech.fr/mg-tech-angers/nos-produits/,49
346,97,speed box 3,50,85,0,http://mg-tech.fr/nos-solutions/id-pack/my-box-formeuses-de-caisses/12-speedbox.html,43
347,98,caisse wrap,50,75,0,http://mg-tech.fr/mg-tech-angers/nos-produits/,48
348,99,machine fabrication masque ffp2,50,86,0,http://mg-tech.fr/le-groupe/actualites/134-commercialisation-de-3-machines-de-mise-en-boites-de-masques.html,35
349,100,pharmacie americaine en ligne,50,73,0,http://mg-tech.fr/mg-tech-angers/nos-produits/,17
350,101,encaisseuse automatique,50,89,0,http://mg-tech.fr/mg-tech-angers/nos-produits/,29
351,102,traiteur inox,50,99,0,http://mg-tech.fr/mg-tech-la-chapelle/la-societe-mg-tech-la-chapelle/,27
352,103,machine speciale lyon,50,89,0,http://mg-tech.fr/,21
353,104,salon de l emballage lyon,50,82,0,http://mg-tech.fr/le-groupe/actualites/61-telechargez-votre-invitation-gratuite-pour-le-salon-de-lyon.html,8
354,105,mg prod,50,17,0,http://mg-tech.fr/,20
355,106,my pharmacie box,50,47,0,http://mg-tech.fr/id-pack/nos-produits/my-box-formeuses-de-caisses/,15
356,107,conditionnement sa,50,62,0,http://mg-tech.fr/,19
357,108,salon de l'emballage lyon,50,64,0,http://mg-tech.fr/le-groupe/actualites/61-telechargez-votre-invitation-gratuite-pour-le-salon-de-lyon.html,6
358,109,mg industrie,50,37,0,http://mg-tech.fr/le-groupe/actualites/80-en-mouvement-avec-la-frenchfab.html,19
359,110,charcuterie la roche sur yon,50,95,0,http://mg-tech.fr/mg-tech-la-chapelle/la-societe-mg-tech-la-chapelle/,6
360,111,tech fr,50,40,0,http://mg-tech.fr/,19
361,112,techfr,50,12,0,http://mg-tech.fr/,32
362,113,mg mobile,50,80,0,http://mg-tech.fr/le-groupe/actualites/132-nouveau-robot-mobile-de-decontamination.html,19
363,114,mg lyon,50,53,0,http://mg-tech.fr/,19
364,115,robot humain sophia,50,49,0,http://mg-tech.fr/le-groupe/actualites/67-sophia-le-robot-citoyen.html,14
365,116,mg espace personnel,50,58,0,http://mg-tech.fr/le-groupe/actualites/132-nouveau-robot-mobile-de-decontamination.html,13
366,117,salon de la patisserie invitation gratuite,50,45,0,http://mg-tech.fr/le-groupe/actualites/61-telechargez-votre-invitation-gratuite-pour-le-salon-de-lyon.html,5
367,118,pharmacie du tech,50,53,0,http://mg-tech.fr/secteurs-d-activite/55-pharmacie-parapharmacie.html,13
368,119,machine id,50,25,0,http://mg-tech.fr/id-pack/nos-produits/,18
369,120,machines d emballage et de conditionnement,40,65,0,http://mg-tech.fr/mg-tech-angers/nos-produits/,36
370,121,machines d'emballage et de conditionnement,40,49,0,http://mg-tech.fr/mg-tech-angers/nos-produits/,36
371,122,convoyeur inox,40,31,0,http://mg-tech.fr/nos-solutions/mg-tech-la-chapelle/29-convoyeur-inox-courbe.html,49
372,123,id tech pieces detachees,40,27,0,http://mg-tech.fr/le-groupe/nos-services/,35
373,124,solution ergonomique,40,74,0,http://mg-tech.fr/nos-solutions/mg-tech-la-chapelle/34-amenagement-de-poste-de-travail-ergonomique.html,48
374,125,aménagement poste de travail atelier,40,87,0,http://mg-tech.fr/nos-solutions/mg-tech-la-chapelle/34-amenagement-de-poste-de-travail-ergonomique.html,34
375,126,conditionnement carton,40,90,0,http://mg-tech.fr/le-groupe/notre-savoir-faire/,47
376,127,formeuse de caisse,40,27,0,http://mg-tech.fr/id-pack/nos-produits/my-box-formeuses-de-caisses/,38
377,128,caisse mg,40,35,0,http://mg-tech.fr/id-pack/nos-produits/my-box-formeuses-de-caisses/,38
378,129,machines d,40,85,0,http://mg-tech.fr/mg-tech-angers/nos-produits/,34
379,130,société de conditionnement,40,68,0,http://mg-tech.fr/,20
380,131,aiv robot,40,44,0,http://mg-tech.fr/espace-carrieres/105-commercial-h-f.html,22
381,132,specialiste mg,40,20,0,http://mg-tech.fr/,21
382,133,machine spéciale vendée,40,47,0,http://mg-tech.fr/,16
383,134,mg technologie,40,10,0,http://mg-tech.fr/,21
384,135,tech 3 recrutement,40,62,0,http://mg-tech.fr/espace-carrieres/,15
385,136,palettisation definition,40,57,0,http://mg-tech.fr/mg-tech-angers/nos-produits/,20
386,137,pack to pack,40,13,0,http://mg-tech.fr/mg-tech-id-pack/la-societe-id-pack/,15
387,138,societe mg,40,9,1,http://mg-tech.fr/mg-tech-la-chapelle/la-societe-mg-tech-la-chapelle/,19
388,139,my box production,40,48,0,http://mg-tech.fr/id-pack/nos-produits/my-box-formeuses-de-caisses/,13
389,140,salon cfia lyon,40,29,0,http://mg-tech.fr/le-groupe/actualites/19-le-groupe-mg-tech-s-expose-au-salon-europack-cfia-lyon.html,13
390,141,robot citoyen,40,23,0,http://mg-tech.fr/le-groupe/actualites/67-sophia-le-robot-citoyen.html,18
391,142,id fab,40,69,0,http://mg-tech.fr/le-groupe/actualites/80-en-mouvement-avec-la-frenchfab.html,18
392,143,fabricant de machine d'emballage,30,75,0,http://mg-tech.fr/,29
393,144,assistante commerciale angers,30,86,0,http://mg-tech.fr/contact/,25
394,145,robotique en ligne,30,50,0,http://mg-tech.fr/,22
395,146,ligne de conditionnement alimentaire,30,44,0,http://mg-tech.fr/,13
396,147,mg 2018,30,91,0,http://mg-tech.fr/,25
397,148,ligne de conditionnement pharmaceutique,30,71,0,http://mg-tech.fr/,10
398,149,palettiseur newtec,30,72,0,http://mg-tech.fr/,23
399,150,emballage angers,30,22,0,http://mg-tech.fr/mg-tech-angers/nos-produits/,23
400,151,www mg com fr,30,26,0,http://mg-tech.fr/,7
401,152,societe angers,30,13,0,http://mg-tech.fr/mg-tech-angers/la-societe-mg-tech-angers/,20
402,153,société angers,30,14,0,http://mg-tech.fr/mg-tech-angers/la-societe-mg-tech-angers/,20
403,154,cfia maroc,30,23,0,http://mg-tech.fr/le-groupe/actualites/103-cfia-maroc-2018.html,19
404,155,mg bordeaux,30,69,0,http://mg-tech.fr/,19
405,156,entreprise cosmétique angers,30,69,0,http://mg-tech.fr/,14
406,157,sophia robot nationalité,30,23,0,http://mg-tech.fr/le-groupe/actualites/67-sophia-le-robot-citoyen.html,14
407,158,robot sophia nationalité,30,32,0,http://mg-tech.fr/le-groupe/actualites/67-sophia-le-robot-citoyen.html,13
408,159,solution de conditionnement,30,70,0,http://mg-tech.fr/,13
409,160,entreprise champtocé sur loire,30,52,0,http://mg-tech.fr/,5
410,161,web mg,30,18,0,http://mg-tech.fr/contact/,18
411,162,convoyeur carton,20,38,0,http://mg-tech.fr/mg-tech-la-chapelle/nos-produits/,49
412,163,caisse wrap carton,20,95,0,http://mg-tech.fr/id-pack/nos-produits/my-box-formeuses-de-caisses/,44
413,164,poste d'emballage ergonomique,20,29,0,http://mg-tech.fr/mg-tech-la-chapelle/nos-produits/,30
414,165,etuyeuse automatique,20,73,0,http://mg-tech.fr/mg-tech-angers/nos-produits/,32
415,166,desinfecter telecommande,20,78,0,http://mg-tech.fr/le-groupe/actualites/132-nouveau-robot-mobile-de-decontamination.html,30
416,167,activité de convoyage,20,79,0,http://mg-tech.fr/secteurs-d-activite/,24
417,168,poste d emballage ergonomique,20,23,0,http://mg-tech.fr/mg-tech-la-chapelle/nos-produits/,15
418,169,caisse américaine définition,20,62,0,http://mg-tech.fr/mg-tech-angers/nos-produits/,17
419,170,mg tech recrutement,20,1,6,http://mg-tech.fr/espace-carrieres/,17
420,171,specialiste mg france,20,55,0,http://mg-tech.fr/le-groupe/,17
421,172,mg tech la chapelle achard,20,1,6,http://mg-tech.fr/mg-tech-la-chapelle/la-societe-mg-tech-la-chapelle/,8
422,173,mg recrutement,20,41,0,http://mg-tech.fr/le-groupe/actualites/40-le-groupe-mg-tech-recrute.html,20
423,174,gamme mg,20,52,0,http://mg-tech.fr/mg-tech-angers/nos-produits/,19
424,175,id'embal min de nantes,20,45,0,http://mg-tech.fr/mg-tech-la-chapelle/la-societe-mg-tech-la-chapelle/,5
425,176,mg plus cholet,20,29,0,http://mg-tech.fr/,13
426,177,mg web,20,39,0,http://mg-tech.fr/,18
427,178,groupe tech industries,20,32,0,http://mg-tech.fr/le-groupe/actualites/130-3eme-edition-de-l-etude-vitrines-de-l-industrie-du-futur.html,13
428,179,formeuse de caisse américaine,10,29,0,http://mg-tech.fr/id-pack/nos-produits/my-box-formeuses-de-caisses/,36
429,180,emballage alimentaire personnalisé en ligne,10,100,0,http://mg-tech.fr/,36
430,181,robot emballage,10,66,0,http://mg-tech.fr/,49
431,182,machine a emballage,10,96,0,http://mg-tech.fr/,42
432,183,caisse mg alu,10,34,0,http://mg-tech.fr/id-pack/nos-produits/my-box-formeuses-de-caisses/,37
433,184,tracteur shark,10,60,0,http://mg-tech.fr/le-groupe/actualites/132-nouveau-robot-mobile-de-decontamination.html,42
434,185,pack pilote moto,10,53,0,http://mg-tech.fr/le-groupe/actualites/37-mg-tech-id-pack-soutient-thibaut-bertin-pilote-en-championnat-europeen-de-vitesse-moto-2.html,37
435,186,convoyeur de transfert,10,82,0,http://mg-tech.fr/mg-tech-la-chapelle/nos-produits/,35
436,187,aménagement ergonomique,10,94,0,http://mg-tech.fr/nos-solutions/mg-tech-la-chapelle/34-amenagement-de-poste-de-travail-ergonomique.html,36
437,188,actualités télévisées france 2,10,86,0,http://mg-tech.fr/le-groupe/actualites/46-le-groupe-mg-tech-s-offre-un-passage-tv-au-jt-de-france-2.html,23
438,189,convoyeur accumulation,10,13,0,http://mg-tech.fr/mg-tech-la-chapelle/nos-produits/,35
439,190,lunettes connectées maintenance industrielle,10,24,0,http://mg-tech.fr/le-groupe/actualites/79-premiere-participation-a-smart-industries.html,19
440,191,robot collaboratif yaskawa,10,69,0,http://mg-tech.fr/le-groupe/actualites/65-exposition-aux-rencontres-de-la-robotique.html,25
441,192,cout emballage,10,46,0,http://mg-tech.fr/le-groupe/notre-savoir-faire/,30
442,193,sav id tech,10,34,0,http://mg-tech.fr/espace-carrieres/94-technicien-sav-itinerant-h-f.html,23
443,194,groupe de conditionnement,10,17,0,http://mg-tech.fr/,22
444,195,ligne de conditionnement cosmetique,10,54,0,http://mg-tech.fr/,13
445,196,easybox de,10,25,0,http://mg-tech.fr/nos-solutions/id-pack/my-box-formeuses-de-caisses/13-easybox.html,25
446,197,conception machine spéciale nantes,10,54,0,http://mg-tech.fr/,11
447,198,lettre de motivation bts cpi entreprise,10,95,0,http://mg-tech.fr/espace-carrieres/84-dessinateur-projeteur-h-f.html,10
448,199,robot collaboratif sawyer,10,84,0,http://mg-tech.fr/le-groupe/actualites/65-exposition-aux-rencontres-de-la-robotique.html,18
449,200,mgtech handling,10,2,2,http://mg-tech.fr/le-groupe/presentation/,23
450,201,palettisation wikipedia,10,26,0,http://mg-tech.fr/,23
451,202,machine de conditionnement définition,10,22,0,http://mg-tech.fr/mg-tech-angers/nos-produits/,10
452,203,aménagement d'un poste de travail ergonomique,10,88,0,http://mg-tech.fr/nos-solutions/mg-tech-la-chapelle/34-amenagement-de-poste-de-travail-ergonomique.html,8
453,204,etuyeuse définition,10,7,0,http://mg-tech.fr/mg-tech-angers/nos-produits/,21
454,205,mg tech la mothe achard,10,1,3,http://mg-tech.fr/,8
455,206,plan de palettisation définition,10,95,0,http://mg-tech.fr/mg-tech-angers/nos-produits/,8
456,207,circuit navarra moto,10,47,0,http://mg-tech.fr/le-groupe/actualites/37-mg-tech-id-pack-soutient-thibaut-bertin-pilote-en-championnat-europeen-de-vitesse-moto-2.html,15
457,208,mg export,10,65,0,http://mg-tech.fr/espace-carrieres/83-monteur-metteur-au-point-h-f.html,19
458,209,id climatisation angers,10,59,0,http://mg-tech.fr/le-groupe/actualites/35-mg-tech-une-gestion-optimisee-des-depenses-energetiques.html,14
459,210,mg construction lyon,10,76,0,http://mg-tech.fr/,14
460,211,marion alu val d'izé,10,51,0,http://mg-tech.fr/mg-tech-id-pack/la-societe-id-pack/,6
461,212,mgteck,10,1,3,http://mg-tech.fr/,31
462,213,groupe modulo,10,53,0,http://mg-tech.fr/nos-solutions/id-pack/my-modulo-encaisseuses-multiformats/,18
463,214,catalogue mg mai 2020,10,71,0,http://mg-tech.fr/le-groupe/actualites/123-mg-tech-au-cfia-de-rennes-en-mai-2020.html,5
464,215,doypack wikipedia,10,32,0,http://mg-tech.fr/,18
465,216,all4pack adresse,10,22,0,http://mg-tech.fr/,18
466,217,mg de la poste,10,49,0,http://mg-tech.fr/nos-solutions/mg-tech-la-chapelle/34-amenagement-de-poste-de-travail-ergonomique.html,5
467,218,robot sophia youtube,10,79,0,http://mg-tech.fr/le-groupe/actualites/67-sophia-le-robot-citoyen.html,13
468,219,who created sophia the robot,10,81,0,http://mg-tech.fr/le-groupe/actualites/67-sophia-le-robot-citoyen.html,5
469,220,groupe lyon angers,10,68,0,http://mg-tech.fr/,13
470,221,mg tech handling ozoir la ferriere,10,21,0,http://mg-tech.fr/espace-carrieres/,5
471,222,salon ergonomie 2015,10,83,0,http://mg-tech.fr/nos-solutions/mg-tech-la-chapelle/34-amenagement-de-poste-de-travail-ergonomique.html,13
472,223,en fourreau,10,37,0,http://mg-tech.fr/nos-solutions/mg-tech-angers/60-pose-bandeau-pose-cavalier-mise-en-fourreau.html,18
473,224,catalogue mg mars 2020,10,86,0,http://mg-tech.fr/mg-tech-angers/nos-produits/,5
474,225,tous types de machines de conditionnement,10,75,0,http://mg-tech.fr/mg-tech-angers/nos-produits/,5
475,226,g tech youtube,10,67,0,http://mg-tech.fr/,13
476,227,cfia maroc 2018,10,37,0,http://mg-tech.fr/le-groupe/actualites/103-cfia-maroc-2018.html,13
477,228,mg pack,10,5,0,http://mg-tech.fr/mg-tech-id-pack/la-societe-id-pack/,18
478,229,invitation all4pack,10,25,0,http://mg-tech.fr/le-groupe/actualites/104-all4pack-paris.html,18
479,230,mg adresse,10,24,0,http://mg-tech.fr/contact/,18
480,231,boix machine,10,17,0,http://mg-tech.fr/id-pack/nos-produits/my-box-formeuses-de-caisses/,18
481,232,invitation lyon,10,59,0,http://mg-tech.fr/le-groupe/actualites/61-telechargez-votre-invitation-gratuite-pour-le-salon-de-lyon.html,18
482,233,conditionnement social def,10,90,0,http://mg-tech.fr/mg-tech-angers/nos-produits/,13
483,234,cfia rennes 2017,10,55,0,http://mg-tech.fr/le-groupe/actualites/50-le-salon-cfia-rennes-un-bilan-positif-pour-cette-21eme-edition.html,13
484,235,machine d'emballage et conditionnement,10,77,0,http://mg-tech.fr/mg-tech-angers/nos-produits/,5
485,236,invitation salon creation et savoir faire 2017,10,63,0,http://mg-tech.fr/le-groupe/actualites/61-telechargez-votre-invitation-gratuite-pour-le-salon-de-lyon.html,5
486,237,lettre de motivation technicien sav itinerant,10,29,0,http://mg-tech.fr/espace-carrieres/94-technicien-sav-itinerant-h-f.html,5
487,238,cfia adresse,10,64,0,http://mg-tech.fr/le-groupe/actualites/78-rencontrons-nous-au-cfia-de-rennes.html,18
488,239,rendezvous mg,10,88,0,http://mg-tech.fr/le-groupe/actualites/104-all4pack-paris.html,18
489,240,cfia rennes 2016,10,62,0,http://mg-tech.fr/le-groupe/actualites/41-le-groupe-mg-tech-en-route-vers-le-salon-cfia-rennes-2016.html,13
490,241,salon tech and play rennes,10,72,0,http://mg-tech.fr/la-realite-virtuelle-au-service-de-vos-projets/,5
491,242,video robot sophia,10,71,0,http://mg-tech.fr/le-groupe/actualites/67-sophia-le-robot-citoyen.html,13
492,243,cfia plan,10,94,0,http://mg-tech.fr/plan-du-site/,18
493,244,atelier mecanique mg,10,17,0,http://mg-tech.fr/espace-carrieres/84-dessinateur-projeteur-h-f.html,13
494,245,frenchfab,0,34,0,http://mg-tech.fr/le-groupe/actualites/80-en-mouvement-avec-la-frenchfab.html,0
495,246,etuyeuse encartonneuse,0,31,0,http://mg-tech.fr/mg-tech-angers/nos-produits/,0
496,247,machine emballage usine,0,92,0,http://mg-tech.fr/,0
497,248,masque sanitaire intermarché,0,81,0,http://mg-tech.fr/le-groupe/actualites/134-commercialisation-de-3-machines-de-mise-en-boites-de-masques.html,0
498,249,machine de conditionnement carton,0,74,0,http://mg-tech.fr/le-groupe/notre-savoir-faire/,0
499,250,etuyeuse carton,0,83,0,http://mg-tech.fr/mg-tech-angers/nos-produits/,0
500,1,tétra,14800,29,1,http://sidel.com/fr/a-propos-de-sidel/corporate/qui-sommes-nous/le-groupe-tetra-laval-pa-52,36
501,2,automated guided vehicle,8100,15,6,http://sidel.com/en/intralogistic-systems-eq-12,41
502,3,automated guided vehicles,8100,15,6,http://sidel.com/en/intralogistic-systems-eq-12,41
503,4,alveoles,8100,47,0,http://sidel.com/fr/encaissage/systeme-de-regroupement-produits/collecteur-a-alveoles-pd-374,34
504,5,sidel,2900,1,882,http://sidel.com/fr,32
505,6,palettisation,2400,61,0,http://sidel.com/fr/palettisation/palettisation/palettisation-par-prehension-pour-casiers-plastique-pd-435,33
506,7,palettiseur,1600,9,24,http://sidel.com/fr/palettisation/palettisation/palettiseur-automatique-a-couches-pd-429,34
507,8,fardelage,880,10,10,http://sidel.com/fr/encaissage/fardelage-eq1-119,38
508,9,vision system,720,64,0,http://sidel.com/en/overwrapping-packing/product-collating-systems/industrial-vision-system-pd-373,22
509,10,laveuse bouteille,590,5,28,http://sidel.com/fr/traitement-et-nettoyage-des-conteneurs/laveuse-de-bouteilles/laveuse-de-bouteilles-moyenne-et-haute-cadence-pd-353,49
510,11,depalettiser,590,89,0,http://sidel.com/fr/palettisation/depalettisation-eq1-130,33
511,12,suremballeuse,590,14,1,http://sidel.com/download?dwnid=273&name=VersaWrap │ Brochure&path=/cgi-bin/04_packing/03_wrap around blank packing/07_versawrap/VersaWrap_FR_LD.pdf,32
512,13,aldi laval,590,86,0,http://sidel.com/en,19
513,14,produits espagnol,480,61,0,http://sidel.com/fr/global-references/puleva-espagne-gr-71,26
514,15,tapis convoyage,390,52,0,http://sidel.com/fr/convoyage/convoyage-de-packs-et-de-caisses/convoyeur-a-tapis-modulaire-pd-399,49
515,16,tapis convoyeur,390,64,0,http://sidel.com/fr/convoyage/convoyage-de-packs-et-de-caisses/convoyeur-a-tapis-modulaire-pd-399,49
516,17,fast food laval,390,79,0,http://sidel.com/en,17
517,18,nestle orbe,390,9,6,http://sidel.com/fr/landing-page-pa-141,19
518,19,nestlé orbe,390,9,6,http://sidel.com/fr/landing-page-pa-141,19
519,20,sidel le havre,390,1,119,http://sidel.com/fr,14
520,21,preforme,320,42,0,http://sidel.com/fr/emballage/conception-de-l-emballage-et-de-la-preforme-sv1-22,54
521,22,formation mixte,320,64,0,http://sidel.com/fr/formation/blended-learning-sv1-15,19
522,23,gebo cermex,320,1,97,http://sidel.com/fr/a-propos-de-sidel/medias/actualites-et-communiques-de-presse/a-propos-de-gebo-cermex-nw-262,18
523,24,poids d' une bouteille de vin,320,81,0,http://sidel.com/fr/emballage/optimisation-de-l-emballage-sv1-35,5
524,25,four aya,260,91,0,http://sidel.com/fr/emballage/aya-sv1-52,48
525,26,palettisation automatique,260,7,7,http://sidel.com/fr/palettisation/palettisation/palettiseur-automatique-a-couches-pd-429,35
526,27,groupe hema,260,73,0,http://sidel.com/en,26
527,28,sidel reichstett,260,1,79,http://sidel.com/fr,19
528,29,pet bottle,210,28,0,http://sidel.com/en/packaging/packaging-innovation-sv1-42,25
529,30,carriere emploie,210,44,0,http://sidel.com/fr/a-propos-de-sidel/carrieres/opportunites-de-carriere-pa-62,21
530,31,e convoyage,210,30,0,http://sidel.com/fr/convoyage-eq-8,19
531,32,manchonnage,210,70,0,http://sidel.com/fr/labelling/sidel-rollsleeve-pd-17,32
532,33,sidel octeville,210,1,64,http://sidel.com/fr,18
533,34,royal unibrew,210,66,0,http://sidel.com/en/global-references/royal-unibrew-denmark-gr-76,18
534,35,casiers bouteilles plastique,170,61,0,http://sidel.com/fr/palettisation/palettisation/palettisation-robotisee-de-casiers-plastique-packs-et-bouteilles-en-vrac-pd-434,44
535,36,palettiseur automatique,170,5,8,http://sidel.com/fr/palettisation/palettisation/palettiseur-automatique-a-couches-pd-429,33
536,37,gebo plast,170,70,0,http://sidel.com/en,20
537,38,sidel blowing & services,170,1,52,http://sidel.com/fr,5
538,39,tetra laval,170,3,17,http://sidel.com/fr/a-propos-de-sidel/corporate/qui-sommes-nous/le-groupe-tetra-laval-pa-52,18
539,40,sidel blowing services,170,5,8,http://sidel.com/en,13
540,41,machine boisson gazeuse,140,85,0,http://sidel.com/fr/jus-nectars-boissons-non-alcoolisees-boissons-isotoniques-et-thes-ca-2,44
541,42,bottle cutting,140,96,0,http://sidel.com/en,48
542,43,convoyeur aérien,140,39,0,http://sidel.com/fr/convoyage/convoyeur-aerien-de-containers-vides/convoyeur-aerien-de-contenants-vides-pd-470,26
543,44,pet chaud,140,19,0,http://sidel.com/fr/remplissage-a-chaud-cl-2,20
544,45,uludag boisson,140,6,5,http://sidel.com/fr/global-references/uludag-icecek-turquie-gr-92,19
545,46,labelling machine,110,5,5,http://sidel.com/en/labelling-eq-6,49
546,47,labeller machine,110,3,11,http://sidel.com/en/labelling-eq-6,49
547,48,coca cola algerie,110,1,33,http://sidel.com/fr/global-references/fruital-coca-cola-algerie-gr-28,14
548,49,yili,110,29,0,http://sidel.com/fr/a-propos-de-sidel/medias/actualites-et-communiques-de-presse/yili-and-sidel-nw-178,31
549,50,refresco saint alban,110,35,0,http://sidel.com/fr/global-references/refresco-france-gr-73,13
550,51,vinaigre de reims,90,98,0,http://sidel.com/fr/a-propos-de-sidel/medias/actualites-et-communiques-de-presse/charbonneaux-brabant-nw-189,43
551,52,bottle design,90,41,0,http://sidel.com/en/packaging/packaging-innovation-sv1-42,46
552,53,cv super u,90,77,0,http://sidel.com/en,15
553,54,sidel recrutement,90,1,27,http://sidel.com/fr/a-propos-de-sidel/carrieres/opportunites-de-carriere-pa-62,19
554,55,pet dans l eau,90,66,0,http://sidel.com/fr/emballage/packaging-innovation-sv1-42,6
555,56,regular production,90,67,0,http://sidel.com/fr/soufflage/sidel-evoblow-regular-pd-3,19
556,57,logo sidel,90,1,27,http://sidel.com/fr,18
557,58,sidel logo,90,1,27,http://sidel.com/fr,18
558,59,sidel packaging solutions,90,1,27,http://sidel.com/fr,13
559,60,nestlé waters france,90,49,0,http://sidel.com/fr/global-references/nestle-waters-france-gr-60,13
560,61,laveuse de bouteille,70,2,11,http://sidel.com/fr/traitement-et-nettoyage-des-conteneurs/laveuse-de-bouteilles/laveuse-de-bouteilles-moyenne-et-haute-cadence-pd-353,44
561,62,remplisseuse bouteille manuelle,70,94,0,http://sidel.com/fr/remplissage-eq-3,44
562,63,bouteille de nitro,70,25,0,http://sidel.com/fr/emballage/sidel-starlite-nitro-sv1-45,42
563,64,filling machine,70,8,1,http://sidel.com/en/filling-eq-3,44
564,65,boisson line,70,23,0,http://sidel.com/fr/jus-nectars-boissons-non-alcoolisees-boissons-isotoniques-et-thes-ca-2,23
565,66,vitrine industrie du futur,70,76,0,http://sidel.com/fr/a-propos-de-sidel/medias/actualites-et-communiques-de-presse/sidel-future-nw-326,8
566,67,coca cola espagnol,70,78,0,http://sidel.com/fr/global-references/fruital-coca-cola-algerie-gr-28,14
567,68,sidel packing solutions,70,1,21,http://sidel.com/fr,13
568,69,sidel dijon,70,1,21,http://sidel.com/fr,18
569,70,sidel octeville sur mer,70,1,21,http://sidel.com/fr,5
570,71,sidel france,70,1,21,http://sidel.com/fr,18
571,72,cermex dijon,70,6,2,http://sidel.com/fr,18
572,73,bearing en français,70,68,0,http://sidel.com/en,13
573,74,record du monde de pet,70,94,0,http://sidel.com/fr/a-propos-de-sidel/medias/actualites-et-communiques-de-presse/hwb-saudi-arabia-nw-142,5
574,75,regroupements de portefeuilles,70,75,0,http://sidel.com/fr/encaissage/systeme-de-regroupement-produits-eq1-118,13
575,76,casier biere,50,81,0,http://sidel.com/fr/encaissage/encaissage-de-casiers-plastique-eq1-126,49
576,77,bouchons capsules,50,77,0,http://sidel.com/fr/convoyage/alimentation-de-capsulesbouchons/alimentation-de-bouchons-et-capsules-a-double-tapis-pd-410,49
577,78,lampe minerale,50,73,0,http://sidel.com/fr/global-references/voeslauer-autriche-gr-93,49
578,79,palette americaine dimension,50,99,0,http://sidel.com/download?dwnid=441&name=TÉLÉCHARGER LE LIVRE BLANC&path=/cgi-bin/landing/fr/01_jmp/02_flexible_20190624/Livre_blanc_Emballages_souples_Encaissage_Sidel_doublepage.pdf,44
579,80,tapis modulaire,50,11,0,http://sidel.com/fr/palettisation/manipulation-palettes/convoyeur-a-tapis-modulaire-pd-446,48
580,81,machine à pet,50,16,0,http://sidel.com/en/pet-pk-1,43
581,82,presse matrix,50,77,0,http://sidel.com/fr/a-propos-de-sidel/medias/actualites-et-communiques-de-presse/matrix-intelliblower-nw-56,36
582,83,waterfall energie,50,19,0,http://sidel.com/fr/a-propos-de-sidel/medias/actualites-et-communiques-de-presse/ergonomie-amelioree-et-reduction-energetique-avec-optifeed-nouvelle-plateforme-d-alimentation-de-bouchons-nw-241,32
583,84,plastic line,50,64,0,http://sidel.com/fr/bouteilles-pk-12,23
584,85,hydra technique,50,23,0,http://sidel.com/fr/traitement-et-nettoyage-des-conteneurs/laveuse-de-bouteilles/laveuse-de-bouteilles-moyenne-et-haute-cadence-pd-353,23
585,86,chandon australia,50,25,0,http://sidel.com/en/about/media/press-releases/domaine-chandon-australia-and-sidel-nw-309,21
586,87,pvt quebec 2020,50,82,0,http://sidel.com/en,16
587,88,bodet software recrutement,50,77,0,http://sidel.com/en,15
588,89,san pellegrino nestlé,50,64,0,http://sidel.com/fr/a-propos-de-sidel/medias/actualites-et-communiques-de-presse/sanpellegrino-fait-confiance-a-sidel-nw-148,15
589,90,fast food fecamp,50,45,0,http://sidel.com/en,14
590,91,propak,50,37,0,http://sidel.com/en/about/media/press-releases/sidel-at-propak-asia-2020-nw-323,32
591,92,compétence audit,50,36,0,http://sidel.com/fr/formation/audit-de-competences-sv1-11,19
592,93,sidel engineering & conveying solutions,50,2,8,http://sidel.com/fr,6
593,94,sidel saint laurent sur sevre,50,13,0,http://sidel.com/fr/a-propos-de-sidel/developpement-durable/partenaires-pa-43,6
594,95,laval groupe,50,3,5,http://sidel.com/fr/a-propos-de-sidel/corporate/qui-sommes-nous/le-groupe-tetra-laval-pa-52,18
595,96,disponibilité opérationnelle,50,62,0,http://sidel.com/fr/encaissage/fardelage/fardeleuse-automatique-a-chargement-manuel-pd-19,18
596,97,gerbeur latéral,40,62,0,http://sidel.com/fr/systemes-intralogistiques/chariots-automatiques-agv/gerbeurs-frontaux-pd-458,49
597,98,palette avec carton,40,88,0,http://sidel.com/download?dwnid=241&name=EvoFlex | Brochure&path=/cgi-bin/05_palletizing/01_palletization/09_evoflex/EvoFlex_FR_LD_r.pdf,44
598,99,laveuse de caisse,40,13,0,http://sidel.com/fr/traitement-et-nettoyage-des-conteneurs/laveuse-pour-casiers-plastique/machine-a-laver-les-casiers-plastique-pd-349,44
599,100,cuve de pasteurisation,40,33,0,http://sidel.com/download?dwnid=448&name=Swing │ Brochure&path=/cgi-bin/01_container_treatment_cleaning/1_pasteurizers_coolers_warmers/02_tunnel pasteurizer_pama_swing/SWING_FR_LD_r.pdf,44
600,101,machine d'embouteillage prix,40,35,0,http://sidel.com/fr/global-references/hwb-arabie-saoudite-gr-40,44
601,102,fausse bouteille en verre,40,72,0,http://sidel.com/fr/remplissage/remplisseuse-mecanique-a-niveau-pd-89,36
602,103,my robot center france,40,46,0,http://sidel.com/en,30
603,104,peroni birra,40,40,0,http://sidel.com/fr/a-propos-de-sidel/medias/actualites-et-communiques-de-presse/birra-peroni-and-sidel-nw-286,40
604,105,labelling bottles,40,6,1,http://sidel.com/en/labelling-eq-6,35
605,106,www bosch pt fr,40,73,0,http://sidel.com/en,18
606,107,comep cognac,40,2,6,http://sidel.com/fr/a-propos-de-sidel/medias/actualites-et-communiques-de-presse/comep-nw-195,27
607,108,bouteille pet définition,40,96,0,http://sidel.com/fr/lignes-aseptiques-cl-5,16
608,109,robot collaboratif fanuc,40,95,0,http://sidel.com/fr/a-propos-de-sidel/medias/actualites-et-communiques-de-presse/25-07-2018-pre-event-pack-expo-chicago-nw-278,16
609,110,entreprise delaval,40,92,0,http://sidel.com/fr/a-propos-de-sidel/corporate/qui-sommes-nous/le-groupe-tetra-laval-pa-52,19
610,111,gr 69,40,80,0,http://sidel.com/fr/global-references/pepsi-co-belgium-gr-69,19
611,112,sidel blowing,40,2,6,http://sidel.com/en/blowing-eq-1,19
612,113,braubeviale 2020,40,98,0,http://sidel.com/en/about/media/events/braubeviale-2020-ev-88,19
613,114,sidel lisieux,40,1,12,http://sidel.com/fr,18
614,115,gebo reichstett,40,5,2,http://sidel.com/en/about/media/press-releases/gebo-reichstett-delivers-its-500th-aidlin-cap-feeder-nw-206,18
615,116,eurostar liquide,40,88,0,http://sidel.com/fr/remplissage/remplisseuse-electropneumatique-pd-88,18
616,117,plateforme real,40,62,0,http://sidel.com/fr/global-references/delifruits-france-gr-22,18
617,118,charbonneaux brabant sa,40,17,0,http://sidel.com/fr/a-propos-de-sidel/medias/actualites-et-communiques-de-presse/charbonneaux-brabant-nw-189,13
618,119,machine à pasteuriser,30,59,0,http://sidel.com/download?dwnid=448&name=Swing │ Brochure&path=/cgi-bin/01_container_treatment_cleaning/1_pasteurizers_coolers_warmers/02_tunnel pasteurizer_pama_swing/SWING_FR_LD_r.pdf,44
619,120,bouteille biere heineken,30,88,0,http://sidel.com/cgi-bin/gref_imp/36/sidel_heineken_austria_flyer_fr.pdf,42
620,121,casier bière plastique,30,34,0,http://sidel.com/fr/traitement-et-nettoyage-des-conteneurs/laveuse-pour-casiers-plastique/machine-a-laver-les-casiers-plastique-pd-349,42
621,122,systeme de vision,30,8,1,http://sidel.com/fr/encaissage/systeme-de-regroupement-produits/systeme-de-vision-industrielle-pd-373,42
622,123,jus minute maid,30,62,0,http://sidel.com/fr/global-references/khosgovar-iran-gr-49,41
623,124,bouteille alimentaire,30,67,0,http://sidel.com/fr/a-propos-de-sidel/medias/actualites-et-communiques-de-presse/bl-agro-india-nw-82,46
624,125,systeme de vision industrielle,30,9,0,http://sidel.com/fr/encaissage/systeme-de-regroupement-produits/systeme-de-vision-industrielle-pd-373,24
625,126,bouteille fanta ancienne,30,45,0,http://sidel.com/fr/a-propos-de-sidel/medias/actualites-et-communiques-de-presse/sidel-partners-coca-cola-in-developing-new-design-for-fanta-bottle-in-pet-nw-144,30
626,127,encaisseuse cermex,30,3,3,http://sidel.com/fr/encaissage/combine-dencaissage-et-palettisation/chargement-automatique-de-magasin-pour-encaisseuse-pd-398,25
627,128,san pellegrino naturellement gazeuse,30,72,0,http://sidel.com/fr/a-propos-de-sidel/medias/actualites-et-communiques-de-presse/sanpellegrino-fait-confiance-a-sidel-nw-148,12
628,129,gamme de produit coca cola,30,42,0,http://sidel.com/fr/global-references/fruital-coca-cola-algerie-gr-28,11
629,130,bodet software telemaintenance,30,99,0,http://sidel.com/en,18
630,131,orbes medium,30,82,0,http://sidel.com/fr/a-propos-de-sidel/medias/actualites-et-communiques-de-presse/nestle-orbe-nw-197,22
631,132,toutes les boissons gazeuses,30,68,0,http://sidel.com/fr/lignes-boissons-gazeuses-cl-4,7
632,133,solution de remplissage,30,77,0,http://sidel.com/fr/remplissage-a-chaud-cl-2,15
633,134,prix biere bali,30,20,0,http://sidel.com/fr/a-propos-de-sidel/medias/actualites-et-communiques-de-presse/bali-hai-nw-290,14
634,135,groupe sidel,30,1,9,http://sidel.com/fr/a-propos-de-sidel/corporate/qui-sommes-nous-pa-47,19
635,136,sidel cermex,30,1,9,http://sidel.com/fr/a-propos-de-sidel/medias/actualites-et-communiques-de-presse/a-propos-de-gebo-cermex-nw-262,19
636,137,laval group,30,2,5,http://sidel.com/fr/a-propos-de-sidel/corporate/qui-sommes-nous/le-groupe-tetra-laval-pa-52,18
637,138,sid el juge,30,64,0,http://sidel.com/fr/a-propos-de-sidel/medias/actualites-et-communiques-de-presse/sidel-services-recompense-nw-50,13
638,139,eau arabie saoudite,30,54,0,http://sidel.com/fr/a-propos-de-sidel/medias/actualites-et-communiques-de-presse/hwb-saudi-arabia-nw-142,13
639,140,groupe latty,30,74,0,http://sidel.com/en,18
640,141,origine des moules,30,28,0,http://sidel.com/fr/line-conversions-moulds/moules-d-origine-sidel-sv1-21,13
641,142,embouteilleuse contre pression,20,87,0,http://sidel.com/fr/remplissage-eq-3,44
642,143,machine canette boisson,20,3,2,http://sidel.com/fr/remplissage/remplisseuse-mecanique-semi-rapide-pour-cannettes-pd-90,43
643,144,location vacances la spezia,20,69,0,http://sidel.com/en,26
644,145,tropicana nouvelle bouteille,20,33,0,http://sidel.com/fr/global-references/pepsi-co-belgium-gr-69,34
645,146,embouteillage jus de fruit,20,55,0,http://sidel.com/fr/a-propos-de-sidel/medias/actualites-et-communiques-de-presse/aseptically-bottling-drinks-in-pet-bottles-unlocks-sokpol-s-success-nw-157,25
646,147,first plast emballage,20,77,0,http://sidel.com/en,32
647,148,fardelage emballage,20,26,0,http://sidel.com/fr/encaissage/fardelage/fardeleuse-automatique-a-chargement-manuel-pd-367,32
648,149,evoflex,20,12,0,http://sidel.com/fr/a-propos-de-sidel/medias/actualites-et-communiques-de-presse/evoflex-un-palettiseur-haute-cadence-reunissant-tous-les-avantages-de-lalimentation-colis-au-niveau-du-sol-nw-213,37
649,150,prime engineering recrutement,20,66,0,http://sidel.com/en,16
650,151,sidel le havre recrutement,20,1,6,http://sidel.com/fr/a-propos-de-sidel/carrieres/travailler-chez-sidel-pa-57,7
651,152,dell parts france,20,77,0,http://sidel.com/en,14
652,153,cermex sidel,20,1,6,http://sidel.com/fr/a-propos-de-sidel/medias/actualites-et-communiques-de-presse/a-propos-de-gebo-cermex-nw-262,18
653,154,gebo cermex reichstett,20,7,1,http://sidel.com/fr,13
654,155,eau gazeuse maroc,20,28,0,http://sidel.com/fr/global-references/oulmes-maroc-gr-67,13
655,156,formeuse de caisse américaine,10,12,0,http://sidel.com/fr/encaissage/caisses-americaines/formeuses-de-caisses-americaines-pd-378,36
656,157,etiqueteuse ancienne,10,38,0,http://sidel.com/fr/a-propos-de-sidel/medias/actualites-et-communiques-de-presse/general-soft-drinks-malta-nw-70,49
657,158,machine de remplissage de canette,10,2,2,http://sidel.com/fr/remplissage/remplisseuse-mecanique-semi-rapide-pour-cannettes-pd-90,36
658,159,palettisation carton 6 bouteilles,10,54,0,http://sidel.com/download?dwnid=241&name=EvoFlex | Brochure&path=/cgi-bin/05_palletizing/01_palletization/09_evoflex/EvoFlex_FR_LD_r.pdf,36
659,160,charbonneaux brabant gel hydroalcoolique,10,37,0,http://sidel.com/fr/a-propos-de-sidel/medias/actualites-et-communiques-de-presse/charbonneaux-brabant-nw-189,36
660,161,emballage bd,10,82,0,http://sidel.com/fr,49
661,162,bd shanghai,10,76,0,http://sidel.com/en,49
662,163,verre bière peroni,10,26,0,http://sidel.com/fr/a-propos-de-sidel/medias/actualites-et-communiques-de-presse/birra-peroni-and-sidel-nw-286,44
663,164,sac dimatex matrix,10,52,0,http://sidel.com/en,42
664,165,tapis modulaire plastique,10,36,0,http://sidel.com/fr/palettisation/manipulation-palettes/convoyeur-a-tapis-modulaire-pd-446,42
665,166,machine de production d'eau en sachet,10,53,0,http://sidel.com/fr/lignes-eau-cl-3,33
666,167,tunnel de lavage caisse plastique,10,53,0,http://sidel.com/fr/traitement-et-nettoyage-des-conteneurs/laveuse-pour-casiers-plastique/machine-a-laver-les-casiers-plastique-pd-349,32
667,168,kéfir danone du monde,10,77,0,http://sidel.com/cgi-bin/gref_imp/21/sidel_danone_russia_flyer_fr.pdf,29
668,169,san pellegrino wasser,10,86,0,http://sidel.com/de/%C3%BCber-sidel/medien/pressemitteilungen/sanpellegrino-wendet-sich-an-sidel-nw-148,36
669,170,robot palettiseur carton,10,65,0,http://sidel.com/fr/palettisation/palettisation/palettiseur-automatique-a-couches-pd-429,36
670,171,convoyeurs aériens,10,61,0,http://sidel.com/fr/convoyage/convoyeur-aerien-de-containers-vides/convoyeur-aerien-de-contenants-vides-pd-470,39
671,172,coca cola pour nettoyer les phares,10,63,0,http://sidel.com/fr/global-references/fruital-coca-cola-algerie-gr-28,23
672,173,production d eau en bouteille,10,92,0,http://sidel.com/fr/lignes-eau-cl-3,23
673,174,biere bouteille heineken,10,89,0,http://sidel.com/cgi-bin/gref_imp/36/sidel_heineken_austria_flyer_fr.pdf,29
674,175,machine de conditionnement d eau en sachet,10,66,0,http://sidel.com/fr/combi-eq-4,21
675,176,training sap france,10,82,0,http://sidel.com/en,24
676,177,test ph tetra notice,10,78,0,http://sidel.com/en,15
677,178,spritzer eau,10,1,3,http://sidel.com/fr/global-references/spritzer-malaisie-gr-84,27
678,179,emploi sidel le havre,10,1,3,http://sidel.com/fr/a-propos-de-sidel/carrieres/opportunites-de-carriere-pa-62,12
679,180,job a la maison emballage,10,58,0,http://sidel.com/fr/a-propos-de-sidel/carrieres/opportunites-de-carriere-pa-62,10
680,181,sidel alternance,10,1,3,http://sidel.com/fr/a-propos-de-sidel/carrieres/travailler-chez-sidel-pa-57,23
681,182,system plast bearings,10,66,0,http://sidel.com/en,18
682,183,nestlé logistique,10,80,0,http://sidel.com/fr/a-propos-de-sidel/medias/actualites-et-communiques-de-presse/nestle-orbe-nw-197,22
683,184,au pair mexico,10,96,0,http://sidel.com/en,17
684,185,packaging line,10,74,0,http://sidel.com/en/pet-pk-1,22
685,186,fardeleuse sidel,10,1,3,http://sidel.com/fr/encaissage/fardelage/fardeleuse-compact-grande-cadence-pour-flacons-plastique-pd-368,21
686,187,processus de fabrication de boissons gazeuses,10,20,0,http://sidel.com/fr/lignes-boissons-gazeuses-cl-4,7
687,188,sidel contact,10,1,3,http://sidel.com/fr/contact-pa-63,20
688,189,cemex mail,10,82,0,http://sidel.com/fr,19
689,190,coca cola algérie,10,1,3,http://sidel.com/fr/global-references/fruital-coca-cola-algerie-gr-28,14
690,191,sedex france,10,61,0,http://sidel.com/fr/a-propos-de-sidel/medias/actualites-et-communiques-de-presse/sedex-atlanta-nw-84,19
691,192,automated packaging systems france,10,70,0,http://sidel.com/en,6
692,193,sidel comep,10,1,3,http://sidel.com/fr/a-propos-de-sidel/medias/actualites-et-communiques-de-presse/comep-nw-195,18
693,194,coca cola algeria,10,1,3,http://sidel.com/fr/global-references/fruital-coca-cola-algerie-gr-28,13
694,195,tetra group,10,1,3,http://sidel.com/fr/a-propos-de-sidel/corporate/qui-sommes-nous/le-groupe-tetra-laval-pa-52,18
695,196,acheter eau spritzer,10,1,3,http://sidel.com/fr/global-references/spritzer-malaisie-gr-84,13
696,197,gebo verona,10,1,3,http://sidel.com/en/landing-page-pa-106,18
697,198,souffleuse sidel,10,1,3,http://sidel.com/fr/soufflage/souffleuse-sidel-ehr-pd-5,18
698,199,soutireuse sidel,10,1,3,http://sidel.com/fr/remplissage-eq-3,18
699,200,webmail sidel,10,2,2,http://sidel.com/fr,18
700,201,coca cola algerie site officiel,10,2,2,http://sidel.com/fr/global-references/fruital-coca-cola-algerie-gr-28,5
701,202,best'clean dijon,10,89,0,http://sidel.com/en,18
702,203,tetra pak dijon adresse,10,57,0,http://sidel.com/en,5
703,204,aqua viva eau,10,14,0,http://sidel.com/cgi-bin/gref_imp/51/sidel_knjaz_milos_serbia_flyer_fr.pdf,13
704,205,tetra laval france,10,29,0,http://sidel.com/fr/a-propos-de-sidel/corporate/histoire-pa-50,13
705,206,plastic bottle cutter france,10,86,0,http://sidel.com/en,5
706,207,remplisseuse biere isobarometrique,10,28,0,http://sidel.com/fr/remplissage/remplisseuse-electropneumatique-pd-88,13
707,208,easy shop lisieux,10,59,0,http://sidel.com/en,13
708,209,u pack packaging,10,67,0,http://sidel.com/en,13
709,210,pet beverage bottles,10,27,0,http://sidel.com/en/packaging/packaging-innovation-sv1-42,13
710,211,prêt financeit,10,72,0,http://sidel.com/fr/a-propos-de-sidel/corporate/organisation-pa-48,18
711,212,packaging design instagram,10,98,0,http://sidel.com/en,13
712,213,emballage pet définition,10,70,0,http://sidel.com/fr/lignes-aseptiques-cl-5,13
713,214,britvic international,10,14,0,http://sidel.com/fr/global-references/britvic-irlande-gr-14,18
714,215,uber iran,10,88,0,http://sidel.com/de/%C3%BCber-sidel/medien/pressemitteilungen/food-plus-bev-tec-iran-nw-98,18
715,216,mec bouteille d eau,10,48,0,http://sidel.com/fr/remplissage/remplisseuse-mecanique-a-niveau-pd-89,5
716,217,emballage carrousel boisbriand,10,50,0,http://sidel.com/en,13
717,218,master food and wine communication iulm,10,75,0,http://sidel.com/en,5
718,219,ecovadis societe,10,76,0,http://sidel.com/fr/a-propos-de-sidel/medias/actualites-et-communiques-de-presse/sidel-received-a-silver-csr-rating-from-ecovadis-nw-154,18
719,220,djazagro 2019,10,75,0,http://sidel.com/en/about/media/events/sidel-at-djazagro-2019-ev-60,18
720,221,fardeleuse bouteille,10,44,0,http://sidel.com/fr/a-propos-de-sidel/medias/actualites-et-communiques-de-presse/bina-nw-289,18
721,222,alfa laval career,10,86,0,http://sidel.com/en,13
722,223,processus de production d'eau minérale,10,51,0,http://sidel.com/fr/a-propos-de-sidel/medias/actualites-et-communiques-de-presse/sanpellegrino-fait-confiance-a-sidel-nw-148,5
723,224,coop at home en français,10,77,0,http://sidel.com/en/about/media/press-releases/pearlwater-nw-327,5
724,225,global hot spare,10,97,0,http://sidel.com/en/about/media/events/dairy-conference-ev-86,13
725,226,spa laval photos,10,61,0,http://sidel.com/en,13
726,227,ifri eau gazeuse,10,13,0,http://sidel.com/cgi-bin/gref_imp/41/sidel_ifri_algeria_flyer_fr.pdf,13
727,228,bowling quebec city,10,93,0,http://sidel.com/en,13
728,229,salon djazagro 2018,10,74,0,http://sidel.com/fr/groupe/actualites-et-evenements/actualites/18-07-2018-rothaus-brewery-nw-95,13
729,230,cermex recrutement,10,14,0,http://sidel.com/fr/groupe/carrieres-pa-69,18
730,231,uludag drink,10,24,0,http://sidel.com/en/global-references/uludag-icecek-turkey-gr-92,18
731,232,co packer costs,10,91,0,http://sidel.com/fr/a-propos-de-sidel/medias/actualites-et-communiques-de-presse/hon-chuan-nw-78,13
732,233,sunny delight santé,10,89,0,http://sidel.com/fr/a-propos-de-sidel/medias/actualites-et-communiques-de-presse/05-06-2018-suntory-nw-159,13
733,234,cellule de palettisation,10,25,0,http://sidel.com/fr/palettisation/palettisation/flexible-robotic-palletizing-cell-pd-425,13
734,235,lsdh producteur,10,44,0,http://sidel.com/cgi-bin/gref_imp/52/sidel_lsdh_france_flyer_fr.pdf,18
735,236,global co packing,10,62,0,http://sidel.com/en/about/media/press-releases/strongpack-nw-283,13
736,237,to be continued bl,10,26,0,http://sidel.com/fr/a-propos-de-sidel/medias/actualites-et-communiques-de-presse/b.l.-agro-industries-ltd.-and-sidel-nw-306,5
737,238,gulfood manufacturing 2018,10,40,0,http://sidel.com/fr/a-propos-de-sidel/medias/actualites-et-communiques-de-presse/sidel-at-gulfood-2018-nw-172,13
738,239,us lisieux,10,76,0,http://sidel.com/en,18
739,240,rpet preforms,10,35,0,http://sidel.com/en/about/media/press-releases/aya-nw-301,18
740,241,ais greece,10,94,0,http://sidel.com/en,18
741,242,csd 43,10,21,0,http://sidel.com/en/packaging/sidel-starlite-ultralight-csd-sv1-43,18
742,243,bmv recycling,10,35,0,http://sidel.com/en/about/media/press-releases/bmv-lithuania-nw-96,18
743,244,soutireuse khs,10,16,0,http://sidel.com/fr/remplissage/remplisseuse-electropneumatique-pd-88,18
744,245,emballage produit laitier,10,42,0,http://sidel.com/fr/a-propos-de-sidel/medias/actualites-et-communiques-de-presse/le-conditionnement-pet-des-produits-laitiers-avec-sidel-nw-151,13
745,246,remplisseuse automatique flacons,0,71,0,http://sidel.com/fr/remplissage/remplisseuse-electropneumatique-pd-88,0
746,247,track and trace sérialisation,0,8,0,http://sidel.com/download?dwnid=231&name=Serialization | Brochure&path=/cgi-bin/04_packing/06_serialization/Cermex Serialization_FR_LD.pdf,0
747,248,casiers flexibles,0,22,0,http://sidel.com/fr/encaissage/decaissage-de-casiers-plastique-eq1-127,0
748,249,track trace sérialisation,0,7,0,http://sidel.com/download?dwnid=231&name=Serialization | Brochure&path=/cgi-bin/04_packing/06_serialization/Cermex Serialization_FR_LD.pdf,0
749,250,remplisseuse doypack,0,68,0,http://sidel.com/cgi-bin/landing/fr/01_jmp/02_flexible_20190624/Livre%20blanc_Emballages%20souples-%20Encaissage%20Sidel_doublepage.pdf,0
750,1,robot carton,720,62,0,http://unista.fr/conditionnement-robotisee/encaissage-et-palettisation/,30
751,2,bouchage,480,64,0,http://unista.fr/conditionnement-robotisee/machine-de-bouchage/,32
752,3,urmatt flexibles,390,41,0,http://unista.fr/equipements-sur-mesure/alimentation-blister/,19
753,4,robot cosmetique,320,81,0,http://unista.fr/conditionnement-robotisee/machine-de-bouchage/,49
754,5,robot cosmétique,320,80,0,http://unista.fr/conditionnement-robotisee/machine-de-bouchage/,49
755,6,etuyeuse,320,25,0,http://unista.fr/equipements-sur-mesure/etuyeuse/,38
756,7,etuyeuses,320,27,0,http://unista.fr/equipements-sur-mesure/etuyeuse/,38
757,8,étuyeuse,320,16,0,http://unista.fr/equipements-sur-mesure/etuyeuse/,38
758,9,le trait d union thouars,320,68,0,http://unista.fr/,5
759,10,le trait d'union thouars,320,63,0,http://unista.fr/,5
760,11,machin machine nantes,260,80,0,http://unista.fr/,13
761,12,boucheuse,210,79,0,http://unista.fr/conditionnement-robotisee/machine-de-bouchage/,61
762,13,machine a godets,210,100,0,http://unista.fr/conditionnement-robotisee/ligne-de-conditionnement-flexible/,16
763,14,robot volupta,170,91,0,http://unista.fr/conditionnement-robotisee/produits-en-vrac/redresseur-2-robots/,49
764,15,ligne de conditionnement,170,11,0,http://unista.fr/conditionnement-robotisee/ligne-de-conditionnement-flexible/,17
765,16,lignes de conditionnement,170,10,2,http://unista.fr/conditionnement-robotisee/ligne-de-conditionnement-flexible/,17
766,17,encaisseuse,140,4,9,http://unista.fr/conditionnement-robotisee/encaissage-et-palettisation/,37
767,18,encaissage,140,9,2,http://unista.fr/conditionnement-robotisee/encaissage-et-palettisation/,37
768,19,perlift,140,62,0,http://unista.fr/en/robotic-packaging-lines/box-loading-machine/,31
769,20,machine blister,70,55,0,http://unista.fr/equipements-sur-mesure/alimentation-blister/,49
770,21,palletizing boxes,70,30,0,http://unista.fr/en/robotic-packaging-lines/box-loading-machine/,49
771,22,plateaux thermoformés,70,43,0,http://unista.fr/conditionnement-robotisee/distribution-de-produits-ranges/,47
772,23,flexible packaging,70,67,0,http://unista.fr/en/robotic-packaging-lines/flexible-packaging-line/,22
773,24,cartoner,70,60,0,http://unista.fr/en/custom-made-equipment/load-cartoner/,32
774,25,scotcheuse industrielle,50,79,0,http://unista.fr/conditionnement-robotisee/encaissage-et-palettisation/,48
775,26,machines complexes,50,83,0,http://unista.fr/,19
776,27,code postal treize septiers,50,83,0,http://unista.fr/nous-contacter/,5
777,28,machine cosmétique,40,76,0,http://unista.fr/conditionnement-robotisee/machine-de-bouchage/,49
778,29,machine à blister,40,43,0,http://unista.fr/equipements-sur-mesure/alimentation-blister/,44
779,30,fabricant de machines industrielles,40,97,0,http://unista.fr/,26
780,31,palettisation robotisée,40,57,0,http://unista.fr/conditionnement-robotisee/encaissage-et-palettisation/,33
781,32,palettiseur robotisé,40,72,0,http://unista.fr/conditionnement-robotisee/encaissage-et-palettisation/,33
782,33,fabricant de machines industrielles en france,40,80,0,http://unista.fr/,15
783,34,machine spéciale vendée,40,12,0,http://unista.fr/,16
784,35,entreprise treize septiers,40,80,0,http://unista.fr/,13
785,36,blister machine,30,79,0,http://unista.fr/equipements-sur-mesure/alimentation-blister/,48
786,37,machine robotique,30,40,0,http://unista.fr/,48
787,38,boucheuse automatique,30,80,0,http://unista.fr/conditionnement-robotisee/machine-de-bouchage/,47
788,39,bouchonneuse électrique,30,33,0,http://unista.fr/conditionnement-robotisee/machine-de-bouchage/,47
789,40,fabricant de machine d emballage,30,57,0,http://unista.fr/,29
790,41,fabricant de machine d'emballage,30,59,0,http://unista.fr/,29
791,42,système robotisé,30,99,0,http://unista.fr/equipements-sur-mesure/manipulateur-de-sachets-robotise/,40
792,43,entreprise en robotique,30,86,0,http://unista.fr/,24
793,44,encollage industriel,30,81,0,http://unista.fr/equipements-sur-mesure/machine-d-encollage/,28
794,45,ilot robotisé,30,47,0,http://unista.fr/,20
795,46,robotique vendée,30,60,0,http://unista.fr/,20
796,47,treize septiers code postal,30,59,0,http://unista.fr/nous-contacter/,5
797,48,visseuse bouchon plastique,20,28,0,http://unista.fr/conditionnement-robotisee/machine-de-bouchage/,40
798,49,constructeur de machines industrielles,20,81,0,http://unista.fr/,27
799,50,etuyeuse automatique,20,75,0,http://unista.fr/equipements-sur-mesure/etuyeuse/,32
800,51,etuyeuse verticale,20,68,0,http://unista.fr/equipements-sur-mesure/etuyeuse/,29
801,52,dépalettiseur manuel,20,66,0,http://unista.fr/conditionnement-robotisee/encaissage-et-palettisation/,25
802,53,vendée automation,20,45,0,http://unista.fr/,19
803,54,ligne d'union de la main,20,79,0,http://unista.fr/conditionnement-robotisee/,5
804,55,manipulateur caractéristiques,20,89,0,http://unista.fr/equipements-sur-mesure/manipulateur-de-sachets-robotise/,18
805,56,machine emballage blister,10,64,0,http://unista.fr/equipements-sur-mesure/,44
806,57,distributeur flacon plastique,10,97,0,http://unista.fr/conditionnement-robotisee/produits-en-vrac/redresseur-1-robot/,44
807,58,boucheuse visseuse,10,37,0,http://unista.fr/conditionnement-robotisee/machine-de-bouchage/,49
808,59,robot emballage,10,69,0,http://unista.fr/,49
809,60,robot de palettisation carton,10,26,0,http://unista.fr/conditionnement-robotisee/encaissage-et-palettisation/,36
810,61,visseuse de bouchon,10,36,0,http://unista.fr/conditionnement-robotisee/machine-de-bouchage/,44
811,62,visseuse bouchon,10,42,0,http://unista.fr/conditionnement-robotisee/machine-de-bouchage/,49
812,63,machine à palettiser,10,24,0,http://unista.fr/conditionnement-robotisee/encaissage-et-palettisation/,44
813,64,machine sachet plastique,10,84,0,http://unista.fr/equipements-sur-mesure/manipulateur-de-sachets-robotise/,42
814,65,système de palettisation automatique,10,40,0,http://unista.fr/conditionnement-robotisee/encaissage-et-palettisation/,30
815,66,machine agroalimentaire france,10,68,0,http://unista.fr/,37
816,67,robot palettiseur carton,10,34,0,http://unista.fr/conditionnement-robotisee/encaissage-et-palettisation/,36
817,68,système de palettisation,10,24,0,http://unista.fr/conditionnement-robotisee/encaissage-et-palettisation/,29
818,69,packaging flexible,10,66,0,http://unista.fr/en/robotic-packaging-lines/flexible-packaging-line/,32
819,70,machines spéciales nantes,10,79,0,http://unista.fr/,24
820,71,ligne de conditionnement cosmetique,10,93,0,http://unista.fr/,13
821,72,emploi robotique nantes,10,84,0,http://unista.fr/,20
822,73,fabricant machines emballage,10,100,0,http://unista.fr/,20
823,74,conception machine spéciale nantes,10,76,0,http://unista.fr/,11
824,75,packaging line,10,78,0,http://unista.fr/en/blog/packaging/,22
825,76,emploi automobile vendee,10,92,0,http://unista.fr/,17
826,77,etuyeuse définition,10,71,0,http://unista.fr/conditionnement-robotisee/ligne-de-conditionnement-flexible/,21
827,78,vendee automation,10,45,0,http://unista.fr/,20
828,79,société trait d union,10,87,0,http://unista.fr/presentation/,6
829,80,pick and place packaging,10,91,0,http://unista.fr/en/robotic-packaging-lines/,5
830,81,machine de sachet plastique,10,87,0,http://unista.fr/equipements-sur-mesure/manipulateur-de-sachets-robotise/,5
831,82,machine unloading,10,35,0,http://unista.fr/en/robotic-packaging-lines/pucks-unloading-machine/,18
832,83,usine cosmétique bretagne,10,96,0,http://unista.fr/,13
833,84,youtube sepro,10,83,0,http://unista.fr/conditionnement-robotisee/machine-de-bouchage/,18
834,85,tous types de machines de conditionnement,10,88,0,http://unista.fr/conditionnement-robotisee/,5
835,86,video etuyeuse,0,16,0,http://unista.fr/equipements-sur-mesure/etuyeuse/,0
836,87,visseuse bouchon pneumatique,0,64,0,http://unista.fr/conditionnement-robotisee/machine-de-bouchage/,0
837,88,machine industrielle conditionnement,0,84,0,http://unista.fr/conditionnement-robotisee/degotiseur/,0
838,89,remplisseuse en ligne,0,66,0,http://unista.fr/conditionnement-robotisee/ligne-de-conditionnement-flexible/,0
839,90,visseuse pneumatique pour bouchon,0,63,0,http://unista.fr/conditionnement-robotisee/machine-de-bouchage/,0
840,91,etuyeuse carton,0,49,0,http://unista.fr/conditionnement-robotisee/encaissage-et-palettisation/,0
841,92,vissage bouchon,0,8,0,http://unista.fr/conditionnement-robotisee/machine-de-bouchage/,0
842,93,boucheuse flacon,0,64,0,http://unista.fr/conditionnement-robotisee/produits-en-vrac/redresseur-1-robot/,0
843,94,etuyeuse continue,0,85,0,http://unista.fr/equipements-sur-mesure/etuyeuse/,0
844,95,visseuse bouchon automatique,0,46,0,http://unista.fr/conditionnement-robotisee/machine-de-bouchage/,0
845,96,machine de conditionnement carton,0,47,0,http://unista.fr/conditionnement-robotisee/encaissage-et-palettisation/,0
846,97,fotmation beckhoff,0,92,0,http://unista.fr/,0
